"protein_id","query_sequence"
"ENSP00000014914","AHAWPsPYK"
"ENSP00000014914","AYSQEEITQGFEETGDTLyAPYSTHFQLQNQPPQK"
"ENSP00000019317","TGEPSPPHDILHEPPDVVsDDEK"
"ENSP00000019317","TPSSEEIsPTKFPGLYR"
"ENSP00000019317","TPsSEEISPTKFPGLYR"
"ENSP00000025301","ASREDSGLFsPIR"
"ENSP00000025301","NVIPDtPPSTPLVPSR"
"ENSP00000025301","SLsEEVESSESGELPEVDVK"
"ENSP00000025301","SVsPTFLNPSDENLK"
"ENSP00000025301","sFSEDVFQSVK"
"ENSP00000040738","DKDVTLsPVK"
"ENSP00000040738","TQLsPSIK"
"ENSP00000040738","YYsDSDDELTVEQR"
"ENSP00000044462","TTIFsPEGR"
"ENSP00000070846","GTAQYSSQKsVEER"
"ENSP00000070846","RLEIsPDSSPER"
"ENSP00000070846","SSWHQSsFHSTR"
"ENSP00000070846","sMGNLLEK"
"ENSP00000171887","AQFSVAGVHTVPGsPQAR"
"ENSP00000176763","ASQSRPNsSALETLGGEK"
"ENSP00000176763","EMGsLSIKDPK"
"ENSP00000176763","ILRLsTFEK"
"ENSP00000176763","QVAEQGGDLsPAANR"
"ENSP00000176763","sREYEHVR"
"ENSP00000181839","IKIEHAPsPSSGGTLK"
"ENSP00000181839","ILELtPEPDRPR"
"ENSP00000181839","LYSSEESRPYtNK"
"ENSP00000181839","RLPRSPsPYSR"
"ENSP00000181839","RLPRsPSPYSR"
"ENSP00000184956","APAGPSLEETSVSsPK"
"ENSP00000186436","DFDHHDSPALEVFTEQPPsPLPK"
"ENSP00000186436","IWsPTIGR"
"ENSP00000200181","MDFAFPGSTNsLHR"
"ENSP00000202816","ALAEEASEEELPsDVDLNDPYFAEEVK"
"ENSP00000202816","FKIDSNIsPKK"
"ENSP00000202816","TLDSGTSEIVKsPR"
"ENSP00000204517","RFIQELSGSsPK"
"ENSP00000209873","IAHIPLYFVNAQFPRFsPVLGR"
"ENSP00000211998","ALASQLQDsLK"
"ENSP00000211998","DPSAsPGDAGEQAIR"
"ENSP00000211998","SFLDSGyRILGAVAK"
"ENSP00000211998","sLLDASEEAIKK"
"ENSP00000212015","RDGPGLERsPGEPGGAAPER"
"ENSP00000215832","VADPDHDHTGFLTEyVATR"
"ENSP00000215832","VADPDHDHTGFLtEYVATR"
"ENSP00000215909","sFVLNLGK"
"ENSP00000215941","ASGGAQsPLR"
"ENSP00000215957","APSAsPLALHASR"
"ENSP00000215957","VEQMPQAsPGLAPR"
"ENSP00000216027","yFSNIEEK"
"ENSP00000216034","AAAVAAAGAGEPQsPDELLPK"
"ENSP00000216044","LVLVsPTSEQYDSLLR"
"ENSP00000216044","SAMDSPVPASMFAPEPSsPGAAR"
"ENSP00000216106","SPPTTMLLPAsPAK"
"ENSP00000216181","GAGDGsDEEVDGKADGAEAKPAE"
"ENSP00000216218","ADEPSSEEsDLEIDK"
"ENSP00000216277","HYGITsPISLAAPK"
"ENSP00000216602","KLVRsPSGLR"
"ENSP00000216832","EIAIVHsDAEK"
"ENSP00000216832","LTEVPVEPVLTVHPEsK"
"ENSP00000216832","QEsDPEDDDVKKPALQSSVVATSK"
"ENSP00000216832","QQDsQPEEVMDVLEMVENVK"
"ENSP00000217121","GLLSDsMTDVPVDTGVAAR"
"ENSP00000217121","MDSAGQDINLNsPNK"
"ENSP00000217121","NSATFKsFEDRVGTIK"
"ENSP00000217121","sWHDVQVSSAYVK"
"ENSP00000217971","IVRGDQPAASGDsDDDEPPPLPR"
"ENSP00000217971","LLKEGEEPTVYsDEEEPKDESAR"
"ENSP00000218348","YVTKPNsDDEDDGDEK"
"ENSP00000219476","ADVGRLsPEVK"
"ENSP00000219476","STsLNERPK"
"ENSP00000219548","LGAGGGSPEKsPSAQELK"
"ENSP00000219548","LGAGGGsPEKSPSAQELK"
"ENSP00000219794","sTSATDTHHVEMAR"
"ENSP00000220325","DKPVYDELFYTLsPINGK"
"ENSP00000220597","ENDyESISDLQQGR"
"ENSP00000220597","SVDGDQGLGMEGPyEVLK"
"ENSP00000221419","YYGGGsEGGRAPK"
"ENSP00000221566","SPARTPPsEEDSAEAER"
"ENSP00000221922","sPGTPRPPGASK"
"ENSP00000222329","VRGEGPGEAGGPLtPR"
"ENSP00000222345","DVEFQDGWPRsPGR"
"ENSP00000222345","REVsPAPAVAGQSK"
"ENSP00000222567","HIALsPR"
"ENSP00000223023","VIyDFIEK"
"ENSP00000223145","SAsWGSADQLK"
"ENSP00000223641","PGPTPSGTNVGSSGRsPSK"
"ENSP00000225388","DYEIESQNPLAsPTNTLLGSAK"
"ENSP00000225388","GADNDGsGSESGYTTPKK"
"ENSP00000225388","NDsWGSFDLR"
"ENSP00000225388","NLsSDEATNPISR"
"ENSP00000225388","RTsPQVLGSILK"
"ENSP00000225573","GLPTGDsPLGPMTHR"
"ENSP00000225577","EKFsFEPK"
"ENSP00000225577","TPVSPVKFsPGDFWGR"
"ENSP00000225577","TPVsPVKFSPGDFWGR"
"ENSP00000225737","ASISVHsPQK"
"ENSP00000225737","QSSLAEPVsPSK"
"ENSP00000226574","TTSQAHSLPLsPASTR"
"ENSP00000227520","AGLGsPERPPK"
"ENSP00000227520","LGGLRPESPEsLTSVSR"
"ENSP00000227520","LGGLRPEsPESLTSVSR"
"ENSP00000227520","LQQGAGLESPQGQPEPGAAsPQR"
"ENSP00000228136","RSAsPDDDLGSSNWEAADLGNEERK"
"ENSP00000228284","ATAAETsASEPEAESK"
"ENSP00000228495","TTsFKGTSPSSK"
"ENSP00000228843","KPLEIRsPSAESK"
"ENSP00000229214","AsPSLERPEK"
"ENSP00000229239","LVINGNPITIFQERDPsK"
"ENSP00000229239","VIHDNFGIVEGLMTTVHAITAtQK"
"ENSP00000229268","SAADsISESVPVGPK"
"ENSP00000229390","GSPHYFsPFRPY"
"ENSP00000229390","GsPHYFSPFRPY"
"ENSP00000229390","STsYGYSR"
"ENSP00000229794","sQERPTFYRQELNK"
"ENSP00000229922","SHTPSPTsPK"
"ENSP00000230085","RRYsDFEWLR"
"ENSP00000230340","MPQDGsDDEDEEWPTLEK"
"ENSP00000230449","RGSsFQSGRDDTWR"
"ENSP00000232978","ILIPsDIESSK"
"ENSP00000233121","LIGTAVPQRTsPTGPK"
"ENSP00000233143","ETIEQEKRsEIS"
"ENSP00000233331","HHQEEDAGPtQPSPAKPQLK"
"ENSP00000233331","LGGPEGPGsPLLAT"
"ENSP00000233575","SPPLLEsPDATR"
"ENSP00000233575","VTSSVPLPSGSTSsPGRGR"
"ENSP00000233668","SHNSALySQVQK"
"ENSP00000233712","NVFTsAEELER"
"ENSP00000234160","ISLPGQMAGTPItPLK"
"ENSP00000234160","KISLPGQMAGtPITPLK"
"ENSP00000234160","VGDSTPVSEKPVSAAVDANASEsP"
"ENSP00000234296","VVSAPVGKEtPSK"
"ENSP00000234420","AAAAPGAsPSPGGDAAWSEAGPGPRPLAR"
"ENSP00000234420","IHNVGsPLK"
"ENSP00000234420","QSTLYSFFPKsPALSDANK"
"ENSP00000234420","SEEDNEIEsEEEVQPK"
"ENSP00000234420","VHVQFFDDsPTR"
"ENSP00000234590","IEEELGsK"
"ENSP00000234590","SGKYDLDFKsPDDPSR"
"ENSP00000234590","YIsPDQLADLYK"
"ENSP00000234739","IPVEGPLsPSRGDFPK"
"ENSP00000235090","MRKEtPPPLVPPAAR"
"ENSP00000235332","sFDASDTLALPR"
"ENSP00000235835","FFGNsWAETYR"
"ENSP00000236925","LNQSsPDNVTDTK"
"ENSP00000236925","RFsPSQVPIQTR"
"ENSP00000236925","SESVEGFLsPSR"
"ENSP00000236925","SIsNEGLTLNNSHVSK"
"ENSP00000236925","WLKsPTTPIDPEK"
"ENSP00000236925","YDGEsDKEQFDDDQK"
"ENSP00000237536","APsPTSSAGEEGTK"
"ENSP00000237536","VYYsPPVAR"
"ENSP00000238112","LYEALtPVH"
"ENSP00000238616","SStVTEAPIAVVTSR"
"ENSP00000238616","VASEAPLEHKPQVEAsSPR"
"ENSP00000238616","sVLGEYER"
"ENSP00000238647","FCFPCSRESIKAQGATGEVYCPsGEK"
"ENSP00000238647","FCFPCSRESIKAQGATGEVyCPSGEK"
"ENSP00000238647","RKAsPEPPDSAEGALK"
"ENSP00000238714","RSHsPSIDGTPK"
"ENSP00000239374","SLKAsQDAVTTSQSQYFSFREK"
"ENSP00000239440","sLDQPFLSK"
"ENSP00000239882","YADSPGASsPEQPK"
"ENSP00000240123","ADGGsPFLGRR"
"ENSP00000240123","FDFQAQsPK"
"ENSP00000240123","HPsSPSALR"
"ENSP00000240316","LGFSLtPSK"
"ENSP00000240423","LLAsPSSR"
"ENSP00000241502","LVGATATSsPPPK"
"ENSP00000242576","KAPAGQEEPGtPPSSPLSAEQLDR"
"ENSP00000242576","RHAPsPEPAVQGTGVAGVPEESGDAAAIPAK"
"ENSP00000242786","ALRAsESGI"
"ENSP00000242848","GNIETTSEDGQVFsPKK"
"ENSP00000242848","KEVsPEVVR"
"ENSP00000242848","SKLSPsPSLRK"
"ENSP00000242848","SKLsPSPSLRK"
"ENSP00000242848","SLsPSHLTEDR"
"ENSP00000242848","SPERPtGDLRER"
"ENSP00000242848","sPERPTGDLRER"
"ENSP00000243326","RRsEVVESTTESQDK"
"ENSP00000243326","RSQEDEISsPVNK"
"ENSP00000243326","VKsPQRPSDWSK"
"ENSP00000243326","sPLHIKDDVLPK"
"ENSP00000244007","AREGsFESR"
"ENSP00000244020","ARSVsPPPKR"
"ENSP00000244020","ARsVSPPPKR"
"ENSP00000244020","SNsPLPVPPSK"
"ENSP00000244051","LVPVsPLPPK"
"ENSP00000244289","SVsEAALAQPQGPLGTDSLK"
"ENSP00000244496","QLVAGNsPKK"
"ENSP00000244769","RRWsAPESR"
"ENSP00000245908","SFsEDTLMDGPAR"
"ENSP00000245908","TSsDPVLLK"
"ENSP00000245932","ATQVGEKtPKDESANQEEPEAR"
"ENSP00000245932","VQIyHNPTANSFR"
"ENSP00000245934","TPsPAAEDAREPEAK"
"ENSP00000245960","LLGHsPVLR"
"ENSP00000246069","AsGVQVADEVCR"
"ENSP00000246194","GRLsPVPVPR"
"ENSP00000247001","DVDASPsPLSVQDLK"
"ENSP00000247001","DVDAsPSPLSVQDLK"
"ENSP00000247026","PSVFGNDsDDDDETSVSESLQR"
"ENSP00000247026","VIEtPENDFK"
"ENSP00000247191","IVFDAGFFRVEsPVK"
"ENSP00000247191","NTASQNsILEEGETK"
"ENSP00000247225","RNsLTGEEGQLAR"
"ENSP00000247226","GPLsPFNSR"
"ENSP00000247226","SPLsPTETFSWPDVR"
"ENSP00000247665","AVADLALIPDVDIDsDGVFK"
"ENSP00000248553","QLsSGVSEIR"
"ENSP00000248594","DVDVSEDsPPPLPER"
"ENSP00000248594","sFDGNTLLNR"
"ENSP00000248633","SQsGEDESMNQPGPIK"
"ENSP00000249014","SDsLLSFR"
"ENSP00000250113","TDGSIsGDRQPVTVADYISR"
"ENSP00000250113","TDGsISGDRQPVTVADYISR"
"ENSP00000251038","DLVQPDKPAsPK"
"ENSP00000251496","LNLAQFLNEDLs"
"ENSP00000251496","TLHCEGTEINsDDEQESK"
"ENSP00000251691","AGGGDLLLPPsPK"
"ENSP00000251900","SVPGTTSSPLVGDIsPK"
"ENSP00000251993","NNRPAFFsPSLK"
"ENSP00000251993","SLVGsWLK"
"ENSP00000252137","MEtPGASASSLLLPAASRPPR"
"ENSP00000252483","INPIyDALSYSSPSDSYQGK"
"ENSP00000252483","YHELPtLEER"
"ENSP00000252542","VTPDIEEsLLEPENEK"
"ENSP00000252818","LAALKDEPQTVPDVPSFGEsPPLSPIDMDTQER"
"ENSP00000252818","LAsPELER"
"ENSP00000253024","AASAAAASAAAASAASGsPGPGEGSAGGEK"
"ENSP00000253024","SRsGEGEVSGLMR"
"ENSP00000253048","PGPAEAPSPTASPSGDAsPPATAPYDPR"
"ENSP00000253048","TGSGSPFAGNsPAREGEQDAASLK"
"ENSP00000253048","TGSGsPFAGNSPAR"
"ENSP00000253107","ARVGGsDEEASGIPSR"
"ENSP00000253237","SGsPVATFK"
"ENSP00000253329","INHTVILDDPFDDPPDLLIPDRsPEPTR"
"ENSP00000253332","EGVTPWAsFKK"
"ENSP00000253332","LTASEQAHPQEPAESAHEPRLsAEYEK"
"ENSP00000253332","RPSEsDKEDELDK"
"ENSP00000253332","RPsESDKEDELDK"
"ENSP00000253332","SAESPTsPVTSETGSTFK"
"ENSP00000253332","SAEsPTSPVTSETGSTFKK"
"ENSP00000253332","SPPsPVER"
"ENSP00000253332","VELPsEEQVSGSQGPSEEK"
"ENSP00000253332","VQGsPLKK"
"ENSP00000253363","DKsPVREPIDNLTPEER"
"ENSP00000253363","GRYRsPYSGPK"
"ENSP00000253382","AELGMGDSTSQsPPIK"
"ENSP00000253382","ARSWsPPPEVSR"
"ENSP00000253462","LRTNLQPLESTQsQDF"
"ENSP00000253754","IHIDPEIQDGsPTTSR"
"ENSP00000253925","RIPHsPAREVDR"
"ENSP00000253925","RSSDGsLSHEEDLAK"
"ENSP00000253925","RSsDGSLSHEEDLAK"
"ENSP00000253925","VGSGsLDNLGR"
"ENSP00000254029","ELSDQATAsPIVAR"
"ENSP00000254029","EYVSNDAAQsDDEEK"
"ENSP00000254029","RKsELEFETLK"
"ENSP00000254508","KAsPPSGLWSPAYASH"
"ENSP00000254605","TEVsPVPR"
"ENSP00000254624","LSVPYVPQVTDEDRLsR"
"ENSP00000254654","MDLFGDLPEPERsPRPAAGK"
"ENSP00000254719","GARVsDFGGR"
"ENSP00000254816","RGGIPAsPIDPFQSR"
"ENSP00000254942","DLVLPTQALPAsPALK"
"ENSP00000255006","KQAsFLEAEGGAK"
"ENSP00000255006","SSsFVLPK"
"ENSP00000255120","LVPsQEETK"
"ENSP00000255194","NFYEsDDDQKEK"
"ENSP00000255305","HQQQLLASPGsSTVDNK"
"ENSP00000255305","HQQQLLAsPGSSTVDNK"
"ENSP00000256544","TVGQTVKsPDK"
"ENSP00000256637","SGYHDDsDEDLLE"
"ENSP00000256707","VPKsPEHSAEPIR"
"ENSP00000256858","AGsISTLDSLDFAR"
"ENSP00000256858","ENsPNSFPR"
"ENSP00000256897","HEEEEWtDDDLVESL"
"ENSP00000256935","RSsVVFADEK"
"ENSP00000256935","VEQEEPIsPGSTLPEVK"
"ENSP00000256996","RSRsPLELEPEAK"
"ENSP00000257181","YVRMLGALyMR"
"ENSP00000257181","yVRMLGALYMR"
"ENSP00000257787","RTLDFDPLLSPAsPK"
"ENSP00000257829","TLsDDLDEAAK"
"ENSP00000258098","PLSAAPVEGsPDRK"
"ENSP00000258098","RTYsDEANQMR"
"ENSP00000258098","SSWLSTEGGRDSAQsPK"
"ENSP00000258098","STDDTWPRGsR"
"ENSP00000258201","EPLIPAsPKAEPIWELPTR"
"ENSP00000258457","sPPLSPVGTTPVK"
"ENSP00000258991","SLsTEVEPK"
"ENSP00000259008","EEKIsPIYGK"
"ENSP00000259008","NFKPsPSK"
"ENSP00000259154","KsPGVEIK"
"ENSP00000260210","ARHDsPDLAPNVTYSLPR"
"ENSP00000260210","HDSPDPsPPR"
"ENSP00000260210","HDTPDPsPLRGAR"
"ENSP00000260210","HDsPDPSPPR"
"ENSP00000260210","HDtPDPSPLRGAR"
"ENSP00000260210","HFRHDTPDSsPR"
"ENSP00000260210","NSKYEYDPDIsPPR"
"ENSP00000260247","sPGVAAAVAEDGGLKK"
"ENSP00000260363","IPTYNtPLK"
"ENSP00000260363","IPtYNTPLK"
"ENSP00000260385","SQsLPNSLDYTQTSDPGR"
"ENSP00000260526","ATsFEESERK"
"ENSP00000260526","HLNSSQPSGFGPANsLEDVVR"
"ENSP00000260526","IRPVsLPVDR"
"ENSP00000260526","LLLAsPPNER"
"ENSP00000260526","PLLsPEERDIER"
"ENSP00000260526","RSsDSYPLAPVR"
"ENSP00000260526","SLDSESIsPGDFHR"
"ENSP00000260526","sFENVSVESVDSSSEK"
"ENSP00000260731","LDIPTGTtPQRK"
"ENSP00000260803","RLsDEHEPEQR"
"ENSP00000260956","TKFAsDDEHDEHDENGATGPVK"
"ENSP00000261207","KFPTTATKIsPK"
"ENSP00000261207","RIsEMEEELK"
"ENSP00000261207","TGsYGALAEITASK"
"ENSP00000261226","NKFGsADNIAHLK"
"ENSP00000261249","RQRtAEAFSDEK"
"ENSP00000261303","KKyEPPVPTR"
"ENSP00000261326","RSLsPQEDALTGSR"
"ENSP00000261366","AGGPTTPLSPtRLSR"
"ENSP00000261366","AGGPTTPLsPTR"
"ENSP00000261366","ATAtPVPPR"
"ENSP00000261366","LKLsPSPSSR"
"ENSP00000261366","LSPsPSSR"
"ENSP00000261402","TGVLLPSsPEAEVPGK"
"ENSP00000261439","YHsVSTETPHER"
"ENSP00000261530","LGELWEEMALsPR"
"ENSP00000261590","AAsYTEEDENHTAK"
"ENSP00000261590","VVPSFLPVDQGGsLVGR"
"ENSP00000261609","IRAEEEDLAAVPFLAsDNEEEEDEK"
"ENSP00000261637","AEsDGEEKEEVK"
"ENSP00000261637","SLSDNGQPGtPDPADSGGTSAK"
"ENSP00000261667","RNVPQEESLEDsDVDADFK"
"ENSP00000261716","ASDPQsPPQVSR"
"ENSP00000261716","TAsLVTR"
"ENSP00000261845","GHLsEGLVTK"
"ENSP00000261868","AAAAAAAGDsDSWDADAFSVEDPVRK"
"ENSP00000261868","KLQEEsDLELAK"
"ENSP00000261868","VLtPEEQLADK"
"ENSP00000262013","DLSGYKGSStPTK"
"ENSP00000262013","GGEtPGSEQWK"
"ENSP00000262013","LGFsFVR"
"ENSP00000262013","NVSTGsAENEEK"
"ENSP00000262013","SASQSsLDKLDQELK"
"ENSP00000262013","VTDAPNKsEISK"
"ENSP00000262031","GYGFVDFDsPSAAQK"
"ENSP00000262043","MAPPVDDLsPKK"
"ENSP00000262210","LQRPPsVDSIIR"
"ENSP00000262316","RIDsFVKR"
"ENSP00000262319","LLPPAsP"
"ENSP00000262367","SIsPSALQDLLR"
"ENSP00000262518","RAGAPVGGsPGLAK"
"ENSP00000262613","EALAEAALEsPRPALVR"
"ENSP00000262613","sADAAAGAPLPR"
"ENSP00000262710","AEsPAEKVPEESVLPLVQK"
"ENSP00000262710","ASLVALPEQTAsEEETPPPLLTK"
"ENSP00000262710","ELLVSQHTVQLVGGLsPLSSPSDTK"
"ENSP00000262710","GVPAGNsDTEGGQPGRK"
"ENSP00000262710","LSEGsQPAEEEEDQETPSR"
"ENSP00000262710","RLsQPESAEK"
"ENSP00000262710","SKSPsPPRLTEDR"
"ENSP00000262710","SKsPSPPRLTEDR"
"ENSP00000262710","SSSISEEKGDsDDEKPR"
"ENSP00000262710","TAQVPsPPRGK"
"ENSP00000262710","TTsPLEEEEREIK"
"ENSP00000262776","YSsDYFQAPSDYR"
"ENSP00000262878","NFTKPQDGDVIAPLItPQKK"
"ENSP00000262887","AIGSTSKPQEsPK"
"ENSP00000262887","KTPSKPPAQLsPSVPK"
"ENSP00000262948","LNQPGtPTRTAV"
"ENSP00000262948","RKPVLPALTINPTIAEGPsPTSEGASEANLVDLQK"
"ENSP00000262948","TLRLNQPGtPTR"
"ENSP00000262962","LLEDSDsEDEAAPSPLQPALRPNPTAILDEAPKPK"
"ENSP00000262962","LLEDsDSEDEAAPSPLQPALRPNPTAILDEAPKPK"
"ENSP00000263025","IADPEHDHTGFLTEyVATR"
"ENSP00000263025","IADPEHDHTGFLtEYVATR"
"ENSP00000263026","LLQSAKtILR"
"ENSP00000263102","LDQPVSAPPsPR"
"ENSP00000263102","LDQPVsAPPSPR"
"ENSP00000263168","ADFDDRVsDEEK"
"ENSP00000263202","FQPQsPDFLDITNPK"
"ENSP00000263202","FVAFSGEGQsLR"
"ENSP00000263202","KGVEPSPsPIKPGDIK"
"ENSP00000263209","DNEEREQSSDLTPSGDVsPVKPLSR"
"ENSP00000263265","DLASPHLGLGsPR"
"ENSP00000263274","AEtPTESVSEPEVATK"
"ENSP00000263274","EWNGVVSESDsPVK"
"ENSP00000263274","RTIQEVLEEQsEDEDREAK"
"ENSP00000263274","VLGSEGEEEDEALsPAK"
"ENSP00000263274","VLGsEGEEEDEALSPAK"
"ENSP00000263377","IHsPIIR"
"ENSP00000263377","SKPPPTYEsEEEDK"
"ENSP00000263674","MGAQQDDGSDAPPGsPDWAGDVTR"
"ENSP00000263674","SLsDPIPQR"
"ENSP00000263681","RVALsDDETK"
"ENSP00000263710","FSFRsQEDLNEPIK"
"ENSP00000263710","RQsSGSATNVASTPDNR"
"ENSP00000263713","QLEMENsPLLSPR"
"ENSP00000263773","RPILQLsPPGPR"
"ENSP00000263780","ATIsDEEIER"
"ENSP00000263791","HERPAGPGtPPPDSGPLAK"
"ENSP00000263847","MLAESDEsGDEESVSQTDKTELQNTLR"
"ENSP00000263847","MLAEsDESGDEESVSQTDKTELQNTLR"
"ENSP00000263849","LQTLsPSHK"
"ENSP00000263856","VTDALPEPEPPGAMAAsEDEEEEEEALEAMQSR"
"ENSP00000263864","NKTEDLEATsEHFK"
"ENSP00000263881","sVEEELHQR"
"ENSP00000263980","IGsDPLAYEPK"
"ENSP00000263991","DLSTsPKPSPIPSPVLGR"
"ENSP00000263991","KPsEDEVLNK"
"ENSP00000263991","RKAPAPPVLsPK"
"ENSP00000263991","SDPEsPIKK"
"ENSP00000263997","EFGYDSPHDLDsD"
"ENSP00000264110","KMPLDLsPLATPIIR"
"ENSP00000264156","EIEsEIDSEEELINK"
"ENSP00000264161","NNAYLAQsPQLYK"
"ENSP00000264276","RLSLPGLLSQVsPR"
"ENSP00000264276","RLsLPGLLSQVSPR"
"ENSP00000264312","KLENsPLGEALR"
"ENSP00000264312","RSsPPGHYYQK"
"ENSP00000264313","GIEYSRVsPQPMISR"
"ENSP00000264313","SGAVQGAGSLGPGsPVR"
"ENSP00000264380","GTAGKsPDLSSQK"
"ENSP00000264447","AVIVSsPK"
"ENSP00000264501","ALETIPItPVER"
"ENSP00000264515","EKDsPFKPK"
"ENSP00000264645","RLEQTSVRDPsPEADAPVLGSPEK"
"ENSP00000264645","STVTGERQsGDGQESTEPVENK"
"ENSP00000264645","yGSPPQRDPNWNGER"
"ENSP00000264649","NFLELtELK"
"ENSP00000264705","IHRAsDPGLPAEEPK"
"ENSP00000264705","VLGTsPEAIDSAENRFK"
"ENSP00000264716","ISPEERRsPPAPGLQPMR"
"ENSP00000264716","RRDEQLsPEEEEK"
"ENSP00000264758","AAVVTsPPPTTAPHK"
"ENSP00000264758","FRTPsFLKK"
"ENSP00000264758","SRSPGsPVGEGTGSPPK"
"ENSP00000264819","AEASSLGRQsPR"
"ENSP00000264926","NDLQDTEIsPR"
"ENSP00000264977","SKVSsPIEK"
"ENSP00000264993","VQAMQISsEKEEDDNEK"
"ENSP00000265056","AESSESFTMASsPAQR"
"ENSP00000265056","GLLYDsDEEDEERPARK"
"ENSP00000265056","RGLLYDsDEEDEERPAR"
"ENSP00000265056","RRGNDPLTSsPGR"
"ENSP00000265056","RTDALTSsPGR"
"ENSP00000265062","FQsLGVAFYR"
"ENSP00000265069","RDsDGVDGFEAEGKK"
"ENSP00000265107","TMFAQVEsDDEEAK"
"ENSP00000265260","TLSVAAAFNEDEDsEPEEMPPEAK"
"ENSP00000265295","SVSIYTPVVSLsPHK"
"ENSP00000265343","AVGMPSPVsPK"
"ENSP00000265343","DLLPsPAGPVPSKDPK"
"ENSP00000265343","ELLsPLSEPDDRYPLIVK"
"ENSP00000265433","MRIPNYQLsPTK"
"ENSP00000265563","APASVLPAAtPR"
"ENSP00000265563","VADAKGDSEsEEDEDLEVPVPSR"
"ENSP00000265563","VADAKGDsESEEDEDLEVPVPSR"
"ENSP00000265565","AGPEEPGDsPPLR"
"ENSP00000265709","ITHsPTVSQVTER"
"ENSP00000265728","YSVGSLsPVSASVLK"
"ENSP00000265742","GVAPADsPEAPRR"
"ENSP00000265748","AAsPPRPLLSNASATPVGR"
"ENSP00000265748","GNIWsAEK"
"ENSP00000265748","NKAsPQSEFMPSK"
"ENSP00000265748","QPLSEASNQQPLsGGEEK"
"ENSP00000265748","TPIItPNTK"
"ENSP00000265967","EKRDsLGNEESVDK"
"ENSP00000265970","VSNLQVsPK"
"ENSP00000266022","LQSFDsPERK"
"ENSP00000266732","FQETEFLsPPRK"
"ENSP00000266732","GPPDFSsDEEREPTPVLGSGAAAAGR"
"ENSP00000266732","GPPDFsSDEEREPTPVLGSGAAAAGR"
"ENSP00000266732","QNGSNDSDRYsDNEEGK"
"ENSP00000266732","SHISDQsPLSSK"
"ENSP00000266754","SALNLNQPVSVSSVsPVK"
"ENSP00000267113","TLsPEFNER"
"ENSP00000267163","IPGGNIYISPLKsPYK"
"ENSP00000267163","IPGGNIYIsPLKSPYK"
"ENSP00000267163","ISEGLPTPTKMtPR"
"ENSP00000267163","ISEGLPTPtKMTPR"
"ENSP00000267163","ISEGLPtPTKMTPR"
"ENSP00000267163","SPYKFPSsPLR"
"ENSP00000267163","TAATAAAAAAEPPAPPPPPPPEEDPEQDsGPEDLPLVR"
"ENSP00000267163","TAVIPINGsPR"
"ENSP00000267163","TNILQYASTRPPTLsPIPHIPR"
"ENSP00000267257","DYHNLFsPR"
"ENSP00000267257","FIHQQPQSSSPVyGSSAK"
"ENSP00000267257","VGEEEHVySFPNK"
"ENSP00000267622","DIsLDSELHDLR"
"ENSP00000267622","EQELNQsISEK"
"ENSP00000267622","LSVHDMKPLDsPGRR"
"ENSP00000267812","IVEPEVVGESDsEVEGDAWR"
"ENSP00000267812","IVEPEVVGEsDSEVEGDAWR"
"ENSP00000267812","RSLAALDALNtDDENDEEEYEAWK"
"ENSP00000267838","ADSsPALSLR"
"ENSP00000268058","AVSPPHLDGPPsPR"
"ENSP00000268058","AVsPPHLDGPPSPR"
"ENSP00000268058","KAsPEAASTPRDPIDVDLPEEAER"
"ENSP00000268058","LARSsPEQPRPSTSK"
"ENSP00000268138","NLFNQELLsPSK"
"ENSP00000268182","ALQsPALGLR"
"ENSP00000268184","sNPSIQATLNK"
"ENSP00000268383","RSSsETILSSLAGSDIVK"
"ENSP00000268603","PGLRPAPNsVDVDDFINTR"
"ENSP00000268712","AQLsPGIYDDTSAR"
"ENSP00000268712","NDARsPGSISYLPSFFTK"
"ENSP00000268712","SATLPYIKQEEFsPR"
"ENSP00000269187","YESQLsTNEEK"
"ENSP00000269392","KRPAsLSTAPSEK"
"ENSP00000269571","EGPLPAARPAGAtLER"
"ENSP00000269701","VDSEGDFsENDDAAGDFR"
"ENSP00000269886","IAASSsFRSSDKPIR"
"ENSP00000270066","SESGHsQPGLYGIER"
"ENSP00000270139","NLLLSTsEEQIEK"
"ENSP00000270176","PSTQPRPDsWGEDNWEGLETDSR"
"ENSP00000271277","DLEASHQHSsPNEQLK"
"ENSP00000271277","VSSPLSPLSPGIKsPTIPR"
"ENSP00000271277","VSSPLSPLsPGIK"
"ENSP00000271308","GVNTFsPEGR"
"ENSP00000271308","RITsPLMEPSSIEK"
"ENSP00000271526","QITQEEDDsDEEVAPENFFSLPEK"
"ENSP00000271555","LLsPQQPALQR"
"ENSP00000271555","VIPAKsPPPPTHSTQLGAPSR"
"ENSP00000271640","NYGYNPsPVKPEGLR"
"ENSP00000271715","LSGEHSESStPRPR"
"ENSP00000271715","LSGEHsESSTPRPR"
"ENSP00000271715","SLDSEPSVPSAAKPPsPEK"
"ENSP00000272139","RPAEATSSPTsPERPR"
"ENSP00000272430","TFsLDAVPPDHSPR"
"ENSP00000273130","KPVTVSPTTPTsPTEGEAS"
"ENSP00000273130","LIRDFQEYVEPGEDFPAsPQRR"
"ENSP00000273130","SVSSNVASVsPIPAGSK"
"ENSP00000273853","ILATDVSSKNtPDSK"
"ENSP00000274054","GSDASWKNDQEPPPEALDFsDDEK"
"ENSP00000275034","TAFYNEDDsEEEQR"
"ENSP00000275493","ELVEPLtPSGEAPNQALLR"
"ENSP00000275493","EyHAEGGKVPIK"
"ENSP00000275493","GSHQISLDNPDyQQDFFPK"
"ENSP00000275493","GSHQIsLDNPDYQQDFFPK"
"ENSP00000275493","GSTAENAEyLR"
"ENSP00000275493","MHLPSPTDsNFYR"
"ENSP00000275493","MHLPSPtDSNFYR"
"ENSP00000275493","MHLPsPTDSNFYR"
"ENSP00000275525","AQETsGEEISK"
"ENSP00000275603","HKSETDTsLIR"
"ENSP00000276052","LTLNsPIFDKPLSR"
"ENSP00000276052","RVsLSEIGFGK"
"ENSP00000276201","FLESYAtDNEK"
"ENSP00000276440","LSPFHGSSPPQSTPLsPPPLTPK"
"ENSP00000276440","sLQLMDNR"
"ENSP00000276603","AEDVSSAAPsPR"
"ENSP00000277225","LANDFPLDLsPVKK"
"ENSP00000277570","ELRAPsPPVEHPR"
"ENSP00000277570","SRsFTLDDESLK"
"ENSP00000277895","MDRGVsMPNMLEPK"
"ENSP00000277895","TAsLPGYGR"
"ENSP00000277895","TLsPTPSAEGYQDVRDR"
"ENSP00000278412","QLSEsFK"
"ENSP00000278422","VSTsPLTK"
"ENSP00000278572","DEILPTtPISEQK"
"ENSP00000278612","RFsEDSSTSK"
"ENSP00000278671","LAVLSSsLTHWK"
"ENSP00000278671","LLLDPSsPPTK"
"ENSP00000278823","GHLSRPEAQSLsPYTTSANR"
"ENSP00000278927","LPTTDGAHPQPIsPIPGGVSSSGLSR"
"ENSP00000279281","AAAAAAGPSPGSGPGDsPEGPEGEAPER"
"ENSP00000279392","AELEALGMKGtPSLGK"
"ENSP00000279392","SLKESEQEsEEEILAQKK"
"ENSP00000279392","SLKEsEQESEEEILAQKK"
"ENSP00000279907","SGsGEIGSETSDKK"
"ENSP00000280154","KRFVsEGDGGR"
"ENSP00000280154","SGLTVPTsPK"
"ENSP00000280377","sPGASNFSTLPK"
"ENSP00000280557","LTVENsPKQEAGISEGQGTAGEEEEK"
"ENSP00000281419","LLHEDLDEsDDDMDEK"
"ENSP00000281928","MEVEDGLGsPKPEEIK"
"ENSP00000282003","LKAEVDNRsPQK"
"ENSP00000282050","QAVAYRQMsLLLR"
"ENSP00000282516","DVPPDILLDsPERK"
"ENSP00000282633","AASGEDSTEEALAAAAAPWEGGPVPGVDRsPFAK"
"ENSP00000282633","ASALLFSsDEEDQWNIPASQTHLASDSR"
"ENSP00000282633","ASALLFsSDEEDQWNIPASQTHLASDSR"
"ENSP00000282633","AVAsPEATVSQTDENK"
"ENSP00000282633","GLFsDEEDSEDLFSSQSASK"
"ENSP00000282633","KKETVSEAPPLLFsDEEEK"
"ENSP00000283109","EGSEFSFsDGEVAEK"
"ENSP00000283131","GGPEGVAAQAVASAASAGPADAEMEEIFDDAsPGK"
"ENSP00000283179","SSsPVNVKK"
"ENSP00000283195","AVVsPPKFVFGSESVK"
"ENSP00000283195","DSLItPHVSR"
"ENSP00000283195","ELVGPPLAETVFtPK"
"ENSP00000283195","HSTPSPTRYSLSPsK"
"ENSP00000283195","HSTPsPTRYSLSPSK"
"ENSP00000283195","KIESFGsPK"
"ENSP00000283195","LFPGsPAIYK"
"ENSP00000283195","LLLDIPLQtPHK"
"ENSP00000283195","NLFASFPTEESSINYTFKtPEK"
"ENSP00000283195","SALSPSKsPAK"
"ENSP00000283195","SALsPSKSPAK"
"ENSP00000283195","VGEDEDGsDEEVVHNEDIHFEPIVSLPEVEVK"
"ENSP00000283195","YIASVQGSTPsPR"
"ENSP00000283195","YSLsPSK"
"ENSP00000284320","AsPAPGSGHPEGPGAHLDMNSLDR"
"ENSP00000285071","AHsPAEGASVESSSPGPK"
"ENSP00000285814","KVSGTLDtPEK"
"ENSP00000285873","VGPGAGESPGtPPFR"
"ENSP00000286827","ANsLGDLYAQK"
"ENSP00000286827","RSNATNSSYsPTTGR"
"ENSP00000287169","GDsLKEPTSIAESSR"
"ENSP00000287169","GVGsPEPGPTAPYLGR"
"ENSP00000287169","LVPTGPTHREPsPVRYDNLSR"
"ENSP00000287169","sFHFDPLSSGSR"
"ENSP00000287295","SLsAIDR"
"ENSP00000287394","KPNIFYSGPAsPARPR"
"ENSP00000288602","SAsEPSLNR"
"ENSP00000288670","sIEDLHR"
"ENSP00000290231","DRSPIRGsPR"
"ENSP00000290231","DRsPIRGSPR"
"ENSP00000290291","KVEEEGsPGDPDHEASTQGR"
"ENSP00000290291","SQGDEAGGHGEDRPEPLsPK"
"ENSP00000290650","MEISAELPQtPQR"
"ENSP00000291842","RPPTPAPWPSSGLGTPLtPPK"
"ENSP00000292180","ASELsPGR"
"ENSP00000292599","YEAVsPERLELER"
"ENSP00000292616","ANsPEKPPEAGAAHKPR"
"ENSP00000292616","RPDDVPLSLSPsKR"
"ENSP00000293328","AVDGyVKPQIK"
"ENSP00000293328","IQAQFGPLAQLsPQER"
"ENSP00000293872","ASREEsWESGRSER"
"ENSP00000294008","ALEIsPR"
"ENSP00000294129","RAAPTtPPPPVK"
"ENSP00000294383","VSDQNsPVLPKK"
"ENSP00000294618","INsLTFKK"
"ENSP00000295050","GYVLGETSNLPsPGK"
"ENSP00000295148","DSFSHsPGAVSSLK"
"ENSP00000295321","AAVLsDSEDEEK"
"ENSP00000295321","MDsDEDEKEGEEEK"
"ENSP00000295414","SFsADNFIGIQR"
"ENSP00000295641","RAsISEPSDTDPEPR"
"ENSP00000295682","ISSTLYQAAAPVLtPAK"
"ENSP00000295704","REsLGLESK"
"ENSP00000295809","EVDATsPAPSTSSTVK"
"ENSP00000295809","EVDAtSPAPSTSSTVK"
"ENSP00000295809","VSEEQTQPPsPAGAGMSTAMGR"
"ENSP00000295888","VHKPSsLSYEPEMR"
"ENSP00000295888","WSDQLsLDEK"
"ENSP00000295926","EVKAEEKsPISINVK"
"ENSP00000296003","MGSsPLEVPKPR"
"ENSP00000296043","DRPGsPESPLLDAPFSR"
"ENSP00000296043","EAVsMLVNCPAYYSVSAPK"
"ENSP00000296215","QERLsPEVAPPAHR"
"ENSP00000296220","LEGQATAVtPNK"
"ENSP00000296220","SFSLASSSNsPISQR"
"ENSP00000296328","SESLIDASEDsQLEAAIR"
"ENSP00000296343","KHEsPLLVTK"
"ENSP00000296343","SHsDTSIASR"
"ENSP00000296564","LDtGSPEPETR"
"ENSP00000296677","KSsSYSSSSTTVK"
"ENSP00000296755","AAKPTTtPEVK"
"ENSP00000296755","ASVSPMDEPVPDSEsPIEK"
"ENSP00000296755","ASVsPMDEPVPDSESPIEK"
"ENSP00000296755","DYNASASTIsPPSSMEEDK"
"ENSP00000296755","ESVAsGDDRAEEDMDEAIEK"
"ENSP00000296755","EVPSKEEPsPVKAEVAEK"
"ENSP00000296755","GAEsPFEEK"
"ENSP00000296755","GEAEQsEEEADEEDK"
"ENSP00000296755","KEsKEETPEVTK"
"ENSP00000296755","KLGDVsPTQIDVSQFGSFK"
"ENSP00000296755","SDISPLtPR"
"ENSP00000296755","SKPLAAsPKPAGLK"
"ENSP00000296755","SLMSsPEDLTK"
"ENSP00000296755","SPSLSPSPPsPLEK"
"ENSP00000296755","SPSLsPSPPSPLEK"
"ENSP00000296755","SVNFSLtPNEIK"
"ENSP00000296755","TLEVVsPSQSVTGSAGHTPYYQSPTDEK"
"ENSP00000296755","TTKsPSDSGYSYETIGK"
"ENSP00000296755","TTsPPEVSGYSYEK"
"ENSP00000296755","VLSPLRsPPLIGSESAYESFLSADDK"
"ENSP00000296755","VLsPLRSPPLIGSESAYESFLSADDK"
"ENSP00000296755","VQSLEGEKLsPK"
"ENSP00000296859","RSsLLNAK"
"ENSP00000296859","SSEMsPVPMR"
"ENSP00000296861","LENSALLTVEPsPQDK"
"ENSP00000296930","CGSGPVHISGQHLVAVEEDAEsEDEEEEDVK"
"ENSP00000296930","GPSsVEDIK"
"ENSP00000296930","LLSIsGKR"
"ENSP00000296930","LLsISGK"
"ENSP00000296930","TPKtPKGPSSVEDIK"
"ENSP00000296930","TVSLGAGAKDELHIVEAEAMNYEGsPIK"
"ENSP00000296930","tPKTPKGPSSVEDIK"
"ENSP00000297056","WSPAYSFSSDsPLDSSPK"
"ENSP00000297071","sDVEENNFEGR"
"ENSP00000297293","YFsPPPPAR"
"ENSP00000297591","SFLSEPSsPGRTK"
"ENSP00000297689","GPIHsPVELK"
"ENSP00000298048","SNNWsLEDVTASDK"
"ENSP00000298048","VFGsLER"
"ENSP00000298229","DLsRAAAEELLAR"
"ENSP00000298281","MIFEGPNKLsPR"
"ENSP00000298281","SRSPIIHsPK"
"ENSP00000298281","SRsPIIHSPK"
"ENSP00000298310","KLPsDSGDLEALEGK"
"ENSP00000298428","SARYRGQYSSyPIK"
"ENSP00000298428","SARYRGQYSsYPIK"
"ENSP00000298428","SARYRGQYsSYPIK"
"ENSP00000298428","SARYRGQySSYPIK"
"ENSP00000298630","RGSSAAASPGsPPPGR"
"ENSP00000298746","AASEAAVVSsPSLK"
"ENSP00000298892","HSLTSQSQIsPK"
"ENSP00000299198","MAKVLtPELYAELR"
"ENSP00000299213","SPGtSPLLSR"
"ENSP00000299213","YLSPGWGsASEEEPSR"
"ENSP00000299300","AsLSLAPVNIFK"
"ENSP00000299563","VLsPLIIK"
"ENSP00000299596","SQLGAHHTtPVGDGAAGTR"
"ENSP00000299601","KLTsDEEGEPSGKR"
"ENSP00000299601","KYVIsDEEEEDDD"
"ENSP00000299601","WGREDKSDQsDDEK"
"ENSP00000299601","WGREDKsDQSDDEK"
"ENSP00000299767","EEsDDEAAVEEEEEEK"
"ENSP00000299821","ESRsPQQSAALPR"
"ENSP00000299886","ATAATsPALK"
"ENSP00000299957","FFDENEsPVDPQHGSK"
"ENSP00000300086","ENARsPSSVTGNALWK"
"ENSP00000300086","YLLGDAPVsPSSQK"
"ENSP00000300131","APsPTAEQPPGGGDSAR"
"ENSP00000300131","SPLELGEKLsPLPGGPGAGDPR"
"ENSP00000300146","RSTSPIIGsPPVR"
"ENSP00000300146","RSTsPIIGSPPVR"
"ENSP00000300146","RStSPIIGSPPVR"
"ENSP00000300181","VEAEAGGSGARtPPLSR"
"ENSP00000300245","TLTGDVKTsPPR"
"ENSP00000300584","WDSRTsPTPGDFPK"
"ENSP00000300651","LASPMKPVPGtPPSSK"
"ENSP00000301015","TAsELLLDRR"
"ENSP00000301067","ALsPVIPLIPR"
"ENSP00000301067","IPNSYEVLFPEsPAR"
"ENSP00000301178","KIYNGDYyRQGR"
"ENSP00000301178","KIYNGDyYRQGR"
"ENSP00000301246","PGVGAGHGGDPKLsPHK"
"ENSP00000301740","ALPQtPRPR"
"ENSP00000301740","AQtPPGPSLSGSK"
"ENSP00000301740","ARSRtPPSAPSQSR"
"ENSP00000301740","ARsRTPPSAPSQSR"
"ENSP00000301740","DKFsPFPVQDRPESSLVFK"
"ENSP00000301740","DTLRtPPRER"
"ENSP00000301740","ELSNsPLRENSFGSPLEFR"
"ENSP00000301740","ELsNSPLRENSFGSPLEFR"
"ENSP00000301740","GEFSAsPMLK"
"ENSP00000301740","GQsQTSPDHRSDTSSPEVR"
"ENSP00000301740","MALPPQEDATAsPPR"
"ENSP00000301740","MAPALSGANLtSPR"
"ENSP00000301740","MTSERAPsPSSR"
"ENSP00000301740","NHSGSRtPPVALNSSR"
"ENSP00000301740","NHSGsRTPPVALNSSR"
"ENSP00000301740","PSMsPTPLDR"
"ENSP00000301740","QPSsPYEDKDK"
"ENSP00000301740","QSHSEsPSLQSK"
"ENSP00000301740","RVPsPTPAPK"
"ENSP00000301740","SATRPSPsPER"
"ENSP00000301740","SATRPsPSPER"
"ENSP00000301740","SGMsPEQSR"
"ENSP00000301740","SRTsPAPWKR"
"ENSP00000301740","SSGHSSSELsPDAVEK"
"ENSP00000301740","SSRSsPELTR"
"ENSP00000301740","THTTALAGRSPSPAsGR"
"ENSP00000301740","THTTALAGRSPsPASGRR"
"ENSP00000301740","THTTALAGRsPSPASGRR"
"ENSP00000301740","TPAAAAAMNLAsPR"
"ENSP00000301740","TVARtPLGQR"
"ENSP00000301740","VKPETPPRQSHSGSIsPYPK"
"ENSP00000301740","VKPEtPPRQSHSGSISPYPK"
"ENSP00000301740","VSGRTsPPLLDR"
"ENSP00000301740","VSGRtSPPLLDR"
"ENSP00000301740","WGRSRsPQR"
"ENSP00000301740","WGRsRSPQR"
"ENSP00000301740","sPGMLEPLGSSR"
"ENSP00000301740","sRTSPAPWKR"
"ENSP00000301785","SKsPLPPEEEAKDEEEDQTLVNLDTYTSDLHFQVSK"
"ENSP00000301962","DSALAEAPEGLsPAPPAR"
"ENSP00000302037","SMsENAVR"
"ENSP00000302530","DGKFsPIQEK"
"ENSP00000302530","FSPIQEKsPK"
"ENSP00000302961","AFsDPFVEAEK"
"ENSP00000303042","KKsTSLEPVER"
"ENSP00000303208","HLAQAsQELQ"
"ENSP00000303398","TFVLTPELsPGK"
"ENSP00000303427","RAAVGQEsPGGLEAGNAK"
"ENSP00000303476","LDEGtPPEPK"
"ENSP00000303482","LRSFsMQDLR"
"ENSP00000303507","HQDGLPYIDDsPSSSPHLSSK"
"ENSP00000303508","EYEDPPsEEEDK"
"ENSP00000303758","EKPDsDDDLDIASLVTAK"
"ENSP00000303758","sLEDPPTR"
"ENSP00000304308","AGAEsPTMSVDGR"
"ENSP00000304592","RPTPQDsPIFLPVDDTSFR"
"ENSP00000304604","SGsPKLDPSEVYLK"
"ENSP00000304604","sGSPKLDPSEVYLK"
"ENSP00000304669","TPEELDDsDFETEDFDVR"
"ENSP00000304895","AsPPESDGFSDVRK"
"ENSP00000304895","KGSGDYMPMsPK"
"ENSP00000304895","RHSsETFSSTPSATR"
"ENSP00000304895","VNLsPNRNQSAK"
"ENSP00000305027","APAPAAPRsPNLAGK"
"ENSP00000305027","APPsPGSLAAPGR"
"ENSP00000305027","DHAPSIPTsPFGDSLESSTELRR"
"ENSP00000305027","EDVTPPLsPDDLK"
"ENSP00000305027","EDVtPPLSPDDLK"
"ENSP00000305027","GAPPGsPEPPALLAAPLAAGACPGGR"
"ENSP00000305027","LKESsLK"
"ENSP00000305027","LMDIsPFLPEK"
"ENSP00000305027","REGPVGGEsDSEEMFEK"
"ENSP00000305027","SAEPRPELGPGQETGTNsR"
"ENSP00000305027","SLYGDVDsPLPTGEAGGPPSTR"
"ENSP00000305027","VLHsPPAVR"
"ENSP00000305193","GEDAEEsLEEEEALDPLGIMR"
"ENSP00000305193","KLsPQDPSEDVSSVDPLK"
"ENSP00000305675","SSPFKVsPLTFGR"
"ENSP00000305675","SsPFKVSPLTFGR"
"ENSP00000305721","DLQsPDFTTGFHSDKIEAK"
"ENSP00000305918","SEsPPPLSDPK"
"ENSP00000306010","LGLQsLR"
"ENSP00000306124","ALsFDNRGEEHR"
"ENSP00000306124","GFsYFGEDLMP"
"ENSP00000306625","AAGsPSPLPAPDPAPK"
"ENSP00000306983","FLEsPSR"
"ENSP00000306983","IVPQSQVPNPEsPGK"
"ENSP00000307265","AGGAsPAASSTAQPPTQHR"
"ENSP00000307265","GLTLAPGLsPARPLFGSDFEK"
"ENSP00000307265","HWVAPGGPYSAETPGVPsPIAALK"
"ENSP00000307265","LPLPsPALEYTLGSR"
"ENSP00000307265","NVAEALGHsPKDPGGGGGPVR"
"ENSP00000307272","GVHIHQAGGsPPASSTSSSSLTNDVAK"
"ENSP00000307272","VLDTSSLTQSAPAsPTNK"
"ENSP00000307666","FMEQSRsPSVSPSK"
"ENSP00000307705","KAsGPPVSELITK"
"ENSP00000307705","SETAPAAPAAPAPAEKtPVKK"
"ENSP00000307705","sETAPAAPAAPAPAEKTPVK"
"ENSP00000307746","APAsPGAGNPPGTPK"
"ENSP00000307746","DRHsPFGQR"
"ENSP00000307863","EEHGGLIRsPRHEK"
"ENSP00000307863","GAKEEHGGLIRsPR"
"ENSP00000307863","sDFDEFERQLNENK"
"ENSP00000307940","AGETRFtDTRK"
"ENSP00000307940","IMGPNYtPGKK"
"ENSP00000308227","EPSEVPtPK"
"ENSP00000308227","KQPPVsPGTALVGSQK"
"ENSP00000308227","SESSSKSSQPLAsKQEK"
"ENSP00000308258","RDAGGPRPEsPVPAGR"
"ENSP00000308369","AAAAGSLDRsR"
"ENSP00000308546","TLNAETPKSsPLPAK"
"ENSP00000308717","MSGtLEK"
"ENSP00000309031","APYsPTTSK"
"ENSP00000309230","ANTLsPVRFFVDK"
"ENSP00000309230","TIPVKsPNLSEIK"
"ENSP00000309230","VPIVINPNAyDNLAIYK"
"ENSP00000309432","AEAEGVPTtPGPASGSTFR"
"ENSP00000309474","TSSAFVGKTPEAsPEPK"
"ENSP00000309474","TSSAFVGKtPEASPEPK"
"ENSP00000309474","TVGtPIASVPGSTNTGTVPGSEK"
"ENSP00000309539","GLYDGPVCEVSVtPK"
"ENSP00000309539","TVTPASSAKTsPAK"
"ENSP00000309597","NVFEVGPGDsPTFPR"
"ENSP00000309689","AAAVAAPLAAGGEEAAATTSVPGsPGLPGRR"
"ENSP00000309790","TPFNTDLGENsGIGK"
"ENSP00000309968","sFEDLTDHPVTR"
"ENSP00000310117","VYFQsPPGAAGEGPGGADDEGPVRR"
"ENSP00000310129","APVQPQQsPAAAPGGTDEKPSGK"
"ENSP00000310129","FGGsGSQVDSAR"
"ENSP00000310170","RRPCEQIsPEEEER"
"ENSP00000310406","EKPAQDPLyDVPNASGGQAGGPQRPGR"
"ENSP00000310406","GSPATsPHLGR"
"ENSP00000310491","SSsPELVTHLK"
"ENSP00000310933","MPDDVWLVDLDsNR"
"ENSP00000311430","ILKsPEIQR"
"ENSP00000311513","DAQRLsPIPEEVPK"
"ENSP00000311513","FYETKEESYsPSK"
"ENSP00000311513","IEsDEEEDFENVGK"
"ENSP00000311513","LSDDFDsPVK"
"ENSP00000311713","AAISQLRsPR"
"ENSP00000311713","TAQALSSGSGsQETK"
"ENSP00000311747","QPtPPFFGR"
"ENSP00000311857","EDLSPAFDHsPNK"
"ENSP00000311857","EDLsPAFDHSPNK"
"ENSP00000311962","ILPPPsPWPK"
"ENSP00000312081","RQsFAVLR"
"ENSP00000312143","AGVDYAPNLPPFPsPADVK"
"ENSP00000312143","GVGSGPHPPDTQQPsPSK"
"ENSP00000312143","KLsLGQYDNDAGGQLPFSK"
"ENSP00000312262","NKPRsPVVELSK"
"ENSP00000312625","ATDTsQGELVHPK"
"ENSP00000312671","AHGsFSHVR"
"ENSP00000312709","YIEsPDVEK"
"ENSP00000312995","NFVFHTLsPVK"
"ENSP00000312995","TTYDsAEEENK"
"ENSP00000313171","YLsPLGK"
"ENSP00000313199","IDASKNEEDEGHSNSsPR"
"ENSP00000313199","IDASKNEEDEGHSNsSPR"
"ENSP00000313199","IFVGGLSPDtPEEK"
"ENSP00000313199","IFVGGLsPDTPEEK"
"ENSP00000313350","SAsPEVSEGHENQHGQESEAK"
"ENSP00000313377","DRLGsYSGPTSVSR"
"ENSP00000313391","SSPNPFVGsPPK"
"ENSP00000313420","RLsFAVPFR"
"ENSP00000313420","STVLTPMFVETQAsQGTLQTR"
"ENSP00000313422","sAGEEEDGPVLTDEQK"
"ENSP00000313601","KQNsPVAPTAQPK"
"ENSP00000313829","GAYREHPyGRY"
"ENSP00000313829","SGsMDPSGAHPSVR"
"ENSP00000313851","AEsPESSAIESTQSTPQK"
"ENSP00000313851","EDILENEDEQNsPPKK"
"ENSP00000313875","ADGGAEyATYQTK"
"ENSP00000314067","FYDsNTVK"
"ENSP00000314067","IISIFSGtEK"
"ENSP00000314067","IIsIFSGTEK"
"ENSP00000314067","YLsFTPPEK"
"ENSP00000314067","sDNGELEDKPPAPPVR"
"ENSP00000314067","sVIDPVPAPVGDSHVDGAAK"
"ENSP00000314724","DFAARsPSASITDEDSNV"
"ENSP00000314724","NSPFQIPPPSPDsK"
"ENSP00000314724","RRPsDENTIAPSEVQK"
"ENSP00000314724","RTAsAPNLAETEK"
"ENSP00000314724","SQsTTFNPDDMSEPEFK"
"ENSP00000314724","SSsLGNLKK"
"ENSP00000315379","GDDDEEsDEEAVKK"
"ENSP00000315410","LHSsNPNLSTLDFGEEK"
"ENSP00000315410","LVsPSR"
"ENSP00000315410","NYsDGSETSSEFSK"
"ENSP00000315410","RIHAESLLLDsPAVAK"
"ENSP00000315410","TYSAPAINAIQGGSFEsPKK"
"ENSP00000315410","TYsAPAINAIQGGSFESPKK"
"ENSP00000315454","KGDIDNVKsPEETEK"
"ENSP00000315700","GSsPGPRPVEGTPASR"
"ENSP00000315700","TQDPSsPGTTPPQAR"
"ENSP00000315713","KLEFGsPK"
"ENSP00000315713","SEAAPASLEGGSLKsPPPFFYR"
"ENSP00000315713","SEAAPAsLEGGSLKSPPPFFYR"
"ENSP00000315713","SSsSDSIHSVR"
"ENSP00000315713","SsSSDSIHSVR"
"ENSP00000316029","GLAGAVsELLR"
"ENSP00000316029","VLVQNAAGsQEK"
"ENSP00000316454","TDLQGSAsPSK"
"ENSP00000316527","APsLTDLVK"
"ENSP00000316527","ELESPLtPGK"
"ENSP00000316527","GSLsPAR"
"ENSP00000316527","IYSFTDNAPsPSIGGSSR"
"ENSP00000316527","LVEPHsPSPSSK"
"ENSP00000316578","ASMSEFLEsEDGEVEQQR"
"ENSP00000317123","EEAsDDDMEGDEAVVR"
"ENSP00000317272","EyYSVHNK"
"ENSP00000317272","VHtPHLDR"
"ENSP00000317334","HGSYEDAVHsGALND"
"ENSP00000317473","GtPQKDVIIK"
"ENSP00000317636","GEVPGGSAHYGGPsPEK"
"ENSP00000317872","ENFsPERFLPLNIR"
"ENSP00000317872","FLPLNIRNsPFTR"
"ENSP00000317872","LEVTEIVKPsPK"
"ENSP00000317872","LGYLVsPPQQIR"
"ENSP00000317872","NLQPLMRsPISR"
"ENSP00000317872","WDKDDFEsEEEDVK"
"ENSP00000317985","KPPAPDPFARSsPR"
"ENSP00000317992","EAARSPDKPGGSPsASR"
"ENSP00000317992","EAARSPDKPGGsPSASR"
"ENSP00000317992","EAARsPDKPGGSPSASR"
"ENSP00000318086","ESMEAsPEAMVK"
"ENSP00000318086","RSAsTEKLEQGTSALIR"
"ENSP00000318086","TSLEASMEAsPK"
"ENSP00000318177","IQFKPDDGIsPER"
"ENSP00000318195","ALVAtPGKK"
"ENSP00000318195","GFGFVDFNsEEDAK"
"ENSP00000318195","KVVVsPTK"
"ENSP00000318195","LELQGPRGsPNAR"
"ENSP00000318195","VVVsPTKK"
"ENSP00000318690","ELPVPGsAEEEPPSGGGR"
"ENSP00000318861","KIEEAMDGSEtPQLFTVLPEK"
"ENSP00000318912","SRLsWGYR"
"ENSP00000319417","SPRsPQLSDFGLER"
"ENSP00000319664","ELtDEEAER"
"ENSP00000319664","NGSLDSPGKQDtEEDEEEDEK"
"ENSP00000319664","NGSLDsPGKQDTEEDEEEDEKDK"
"ENSP00000319974","TADGRVsPAGGTLDDKPK"
"ENSP00000319977","TAsGSSVTSLDGTR"
"ENSP00000320117","APSDSsLGTPSDGRPELR"
"ENSP00000320117","VLSNRGDsLSR"
"ENSP00000320147","ESSIIAPAPAEDVDtPPRK"
"ENSP00000320239","ISRRPsTEDTHEVDSK"
"ENSP00000320251","LFLINEQsPR"
"ENSP00000320434","YGYLsLPKPMK"
"ENSP00000320485","FPFGIsPAQSHR"
"ENSP00000320485","GPsPSPVGSPASVAQSR"
"ENSP00000320485","SHHAPMsPGSSGGGGQPLAR"
"ENSP00000320485","TLLDPGRFsK"
"ENSP00000320503","HNsWSSSSR"
"ENSP00000320821","MPSARPPSPPLsSWER"
"ENSP00000320917","AFVEDsEDEDGAGEGGSSLLQK"
"ENSP00000320917","GVHGPPVQLAVDDSsDEGELFLK"
"ENSP00000320917","GVHGPPVQLAVDDsSDEGELFLK"
"ENSP00000320917","QLPALDGSLMGPEsPPAQEEEAPVSPHK"
"ENSP00000320917","YVDEENsDGETSNHR"
"ENSP00000321259","TIVMGAsFR"
"ENSP00000321537","SLRQsFRR"
"ENSP00000321537","sLRQSFRR"
"ENSP00000321584","KYEQGFITDPVVLsPKDR"
"ENSP00000321584","LVGIISsRDIDFLK"
"ENSP00000321646","ATGNQPPPLVGTYNTLLsR"
"ENSP00000321703","AFSPWQILsPVQWAK"
"ENSP00000321703","ASYHFSPEELDENTsPLLGDAR"
"ENSP00000321810","EKGsPGQNDQELK"
"ENSP00000321826","KLsLPTDLKPDLDVK"
"ENSP00000323288","VELsPGPPKPAGR"
"ENSP00000323300","TIVLVPsPLGQQQDMIFEAR"
"ENSP00000323856","AQLEPVAsPAK"
"ENSP00000323856","ARSDEGQLsPATR"
"ENSP00000323856","ELEEVsPETPVVPATTQR"
"ENSP00000323856","SWsLATFR"
"ENSP00000323858","QKIDDRDsDEEGASDR"
"ENSP00000323879","LVIGSLPAHLsPHMFGGFK"
"ENSP00000323879","LVIGsLPAHLSPHMFGGFK"
"ENSP00000324287","KSsPSTGSLDSGNESK"
"ENSP00000324287","YSISLsPPEQQK"
"ENSP00000324375","RSEPQPEEGsPAGGQK"
"ENSP00000324422","FsPGAPGGSGSQPNQK"
"ENSP00000324422","GPPASSPAPAPKFsPVTPK"
"ENSP00000324422","QHPVPPPAQNQNQVRsPGAPGPLTLK"
"ENSP00000324463","GLVRPGSsREK"
"ENSP00000324463","GPASQFYITPSTSLsPR"
"ENSP00000324463","RAGsQERGPLR"
"ENSP00000324573","NAEAVLQsPGLSGK"
"ENSP00000324587","LVLAEsPQPK"
"ENSP00000324729","ESNRLsAPSYLAR"
"ENSP00000324792","KKTEFLDLDNSPLSPPsPR"
"ENSP00000324827","VVPEDGsPEK"
"ENSP00000325017","YQPLASTAsDNDFVTPEPR"
"ENSP00000325312","QLERsALEDK"
"ENSP00000325313","AVPMAPAPAsPGSSNDSSAR"
"ENSP00000325313","FLREPVVTPQDLEGPGRAEsK"
"ENSP00000325313","LSLsPLR"
"ENSP00000325377","ATEIGsPPRFFHMPR"
"ENSP00000325941","VIQPMGMsPR"
"ENSP00000326514","LTGSTSsLNK"
"ENSP00000326550","ILsPSMASK"
"ENSP00000326550","VSGsPEQAVEENLSSYSLDRR"
"ENSP00000327054","AGGPATPLsPTR"
"ENSP00000327077","RQGLAETAsPVAVSLR"
"ENSP00000327077","RVTNDIsPESSPGVGR"
"ENSP00000327077","WVSELsYVEEK"
"ENSP00000327145","ERLGsFGSITR"
"ENSP00000327145","ITEsDLSQLTASIR"
"ENSP00000327145","LGSFGsITR"
"ENSP00000327145","YADQEVPRsPFK"
"ENSP00000327145","YGGDEIPYsPFR"
"ENSP00000327417","FVQRPLLFAsR"
"ENSP00000328088","STTSVsEEDVSSR"
"ENSP00000328088","STTsVSEEDVSSR"
"ENSP00000328088","STtSVSEEDVSSR"
"ENSP00000328228","VTFGEDLsPEVFDESLPANTPLRK"
"ENSP00000328325","KYGLFKEENPyAR"
"ENSP00000328720","EEAPASPLRPLYPQIsPLK"
"ENSP00000328720","EEAPAsPLRPLYPQISPLK"
"ENSP00000328720","EGsPIPHDPEFGSK"
"ENSP00000328720","SAPAsPTHPGLMSPR"
"ENSP00000328992","GRLVREDENDAsDDEDDDEK"
"ENSP00000328992","IAEEIGIEGsDDDALVTGEQDEELSRWEQEQIRK"
"ENSP00000329219","EAAAQEAGADTPGKGEPPAPKsPPK"
"ENSP00000329219","NKPLEQsVEDLSK"
"ENSP00000329219","RDsELGPGVK"
"ENSP00000329243","sIHFSSPVFTSR"
"ENSP00000329419","STAQQELDGKPAsPTPVIVASHTANK"
"ENSP00000329662","AGGSAALsPSKK"
"ENSP00000330188","AAsDTERDGLAPEK"
"ENSP00000330188","DGLAPEKTsPDRDK"
"ENSP00000330188","KKEQSEVSVsPR"
"ENSP00000330488","LDSQEPGRQtPDR"
"ENSP00000330512","ILVPKsPVK"
"ENSP00000331342","LEVsPEAQPTAR"
"ENSP00000331342","NNMTAsMFDLSMK"
"ENSP00000331342","SEPRPPISsPR"
"ENSP00000331678","ADYDTLsLR"
"ENSP00000331748","AGGGGGLGAGsPALSGGQGR"
"ENSP00000331983","IFPGLsPVR"
"ENSP00000331983","TASRPDDIPDSPSsPK"
"ENSP00000331983","sWGQQAQEYQEQK"
"ENSP00000332737","PVILAMDHCGEPSPDSWsLRLK"
"ENSP00000332756","GVTQEVDGLsQTDGTLTYFDK"
"ENSP00000332756","TFsDESNVL"
"ENSP00000332973","SSILPFtPPIVK"
"ENSP00000333633","LPEASQsPLVLK"
"ENSP00000333633","SNMsPHGLPAR"
"ENSP00000333633","VAPVINNGsPTILGK"
"ENSP00000333896","LEPVYSPPGsPPPGDPR"
"ENSP00000333920","DFQHLISsPLKK"
"ENSP00000333938","EMLAsDDEEDVSSKVEK"
"ENSP00000333938","TIsQEFLTPGK"
"ENSP00000333982","GTENTFPsPK"
"ENSP00000334153","NQsPEPSSGPRGEVPLAK"
"ENSP00000334523","KYDDDIsPSEDK"
"ENSP00000334523","RASsLNVLNVGGK"
"ENSP00000334523","VDsPTVTTTLK"
"ENSP00000334642","PLGAIsPVLNRK"
"ENSP00000334675","NDIsPPGR"
"ENSP00000334675","RIVsDGEDEDDSFK"
"ENSP00000334808","KTVEDEDQDsEEEK"
"ENSP00000334836","TLKPTYRtPER"
"ENSP00000335153","ESEDKPEIEDVGsDEEEEK"
"ENSP00000335153","EVsDDEAEEKEDKEEEK"
"ENSP00000335320","ANQIsPSNSSLK"
"ENSP00000335320","EAPGsPPLSPR"
"ENSP00000335321","LLVDVDESTLsPEEQK"
"ENSP00000335321","TMIIsPERLDPFADGGK"
"ENSP00000335341","EFsGGSYSAK"
"ENSP00000335341","REFSGGsYSAK"
"ENSP00000335677","EGsPAPLEPEPGAAQPK"
"ENSP00000335677","SAPAsPNHAGVLSAHSSGAQTPESLSR"
"ENSP00000336721","AVtPVPTKTEEVSNLK"
"ENSP00000336721","ETEsAPGSPR"
"ENSP00000336721","ILIVTQtPHYMR"
"ENSP00000336721","KFDGVEGPRtPK"
"ENSP00000336721","SLPTTVPEsPNYR"
"ENSP00000336721","sLPTTVPESPNYR"
"ENSP00000336752","AEFTsPPSLFK"
"ENSP00000336752","DHSPTPSVFNsDEERYR"
"ENSP00000336752","DHsPTPSVFNSDEERYR"
"ENSP00000336752","YGRAEsPDLR"
"ENSP00000336775","HVTLGPGQsPLSR"
"ENSP00000336775","TFsPTYGLLR"
"ENSP00000336783","DSSEATGWEEPsPPSIR"
"ENSP00000336799","DVNAAIAtIK"
"ENSP00000336799","TIGGGDDsFNTFFSETGAGK"
"ENSP00000337168","LVsPEPPPK"
"ENSP00000337386","RHsVTLPSSK"
"ENSP00000337386","RLPIFSRLsISDD"
"ENSP00000337386","SFsEGGER"
"ENSP00000337445","VPLFsPNFSEK"
"ENSP00000337838","MEDLDQSPLVSSSDsPPRPQPAFK"
"ENSP00000337838","MEDLDQsPLVSSSDSPPRPQPAFK"
"ENSP00000337998","NSGSDGSPsPLLAR"
"ENSP00000337998","SPSPGGPQLsPQLPR"
"ENSP00000337998","SPsPGGPQLSPQLPR"
"ENSP00000337998","VDLEPVsPR"
"ENSP00000338039","ANVSsPHREFPPATAR"
"ENSP00000338191","GLGPPsPPAPPR"
"ENSP00000338191","GPAGEAGAsPPVRR"
"ENSP00000338235","LSSQIsAGEEK"
"ENSP00000338235","SETSWEsPK"
"ENSP00000338235","SQEPIPDDQKVsDDDKEK"
"ENSP00000338258","AGEPDGEsLDEQPSSSSSK"
"ENSP00000338533","KSEAPAEVTHFsPK"
"ENSP00000338629","VAsDTEEADRTSSK"
"ENSP00000338629","VKEEASsPLK"
"ENSP00000338727","NSASATTPLSGNSsR"
"ENSP00000338785","ALsIESLSPTDSSNGVNWR"
"ENSP00000338788","AENGERsDLEEDNER"
"ENSP00000339063","EHALLAyTLGVK"
"ENSP00000339063","STTTGHLIyK"
"ENSP00000339090","ADREVQAEQPSSSsPR"
"ENSP00000339109","NFDFEGSLsPVIAPKK"
"ENSP00000339145","SILVsPTGPSR"
"ENSP00000339145","VGDGDLsAEEIPENEVSLR"
"ENSP00000339161","LPsEPGMTLLTIR"
"ENSP00000339191","AMADELsEK"
"ENSP00000339191","YVDSEGHLYtVPIR"
"ENSP00000339191","YVDSEGHLyTVPIR"
"ENSP00000339299","AGAAsPLNSPLSSAVPSLGK"
"ENSP00000339299","EPFPPSsPLQK"
"ENSP00000339299","GAANASGSsPDAPAK"
"ENSP00000339299","VLEsPRK"
"ENSP00000339566","sETAPAAPAAAPPAEK"
"ENSP00000339637","GsPNTASAEATLPR"
"ENSP00000339659","SADVsPTTEGVK"
"ENSP00000340271","IKVEPVALAPsPVIPR"
"ENSP00000340271","RPLDsPEAEELPAMK"
"ENSP00000340281","TQtPPLGQTPQLGLK"
"ENSP00000340507","SEWLDPSQKsPLHVGETR"
"ENSP00000340594","GGYLsDGDSPELTTK"
"ENSP00000340796","ISLSKsPTK"
"ENSP00000341145","SSDQPLTVPVsPK"
"ENSP00000341145","VLPITVPKsPAFALK"
"ENSP00000341171","TPTVPDsPGYMGPTR"
"ENSP00000341324","AVTIANsPSKPSEK"
"ENSP00000341351","AEEPPsPPVPK"
"ENSP00000341382","TEsPATAAETASEELDNR"
"ENSP00000341483","VLsPPKLNEVSSDANR"
"ENSP00000341826","SKSEsPKEPEQLR"
"ENSP00000341885","ETVFTKsPYQEFTDHLVK"
"ENSP00000341957","NQsSEDILR"
"ENSP00000342105","VYTyIQSR"
"ENSP00000342181","NYDPKVtPDPER"
"ENSP00000342858","DQNEsLDEEMFYK"
"ENSP00000342858","KLDDQsEDEALELEGPLITPGSGSIYSSPGLYSK"
"ENSP00000342962","SDGsLEDGDDVHR"
"ENSP00000343001","NNESQWKDsPLATR"
"ENSP00000343023","LSTFREsFKK"
"ENSP00000343023","SEPVINNDNPLEsNDEK"
"ENSP00000343325","LNLGTDSDSsPQK"
"ENSP00000343526","ATSDTLEsPPKIIPK"
"ENSP00000343526","VEESSEIsPEPK"
"ENSP00000343745","ALPLSsAEK"
"ENSP00000343745","TLLSEsPGK"
"ENSP00000343899","TSTDRHSLsLDDIR"
"ENSP00000344220","ANsFVGTAQYVSPELLTEK"
"ENSP00000344446","AAsEELLEK"
"ENSP00000344446","IDETLTIKTRsK"
"ENSP00000344446","IDETLtIKTRSK"
"ENSP00000344503","ALsLGTIPSLTR"
"ENSP00000344816","KGsSTDISEDWEK"
"ENSP00000345359","RDPEDsDVFEEDTHL"
"ENSP00000345492","AEAsPEPGPGPAAPGLPK"
"ENSP00000345656","VAHSDKPGsTSTASFR"
"ENSP00000345772","FsPPSPLPQAVFSTSSR"
"ENSP00000345808","VLSSTINNQAVETDEGIEEEIPDsPGIEK"
"ENSP00000345808","sFGHFPGPEFLDVEK"
"ENSP00000345895","VAAETQSPsLFGSTK"
"ENSP00000346032","AEDGsVIDYELIDQDAR"
"ENSP00000346032","LSLEGDHSTPPSAYGsVK"
"ENSP00000346032","LSLEGDHSTPPSAyGSVK"
"ENSP00000346032","LSLEGDHStPPSAYGSVK"
"ENSP00000346050","ADGYEPPVQEsV"
"ENSP00000346050","LMELHGEGsSSGK"
"ENSP00000346120","KKAEPSEVDMNsPK"
"ENSP00000346120","KKEEPSQNDIsPK"
"ENSP00000346120","VTKNEEPsEEEIDAPKPK"
"ENSP00000346560","RIsDPQVFSK"
"ENSP00000346762","LGTLsPAFSTR"
"ENSP00000346927","MQELTLsPGPAK"
"ENSP00000346986","QQGHEPVsPR"
"ENSP00000347184","LLSPQMsGEEEDSDLAAK"
"ENSP00000347198","GLNNDsPERR"
"ENSP00000347198","NSPTPATSTESLsPLHNVALR"
"ENSP00000347244","LIyLVPEK"
"ENSP00000347416","HRPsEADEEELAR"
"ENSP00000347427","SDSVLPASHGHLPQAGsLER"
"ENSP00000347427","SQsLQDQPTR"
"ENSP00000347464","sLDSDLSDGPVTVQEFMEVK"
"ENSP00000347464","sMVWPGDGLVPDTAEPHVAPSPTLPSTEDVIR"
"ENSP00000347498","VTLQDYRLPDsDDDEDEETAIQR"
"ENSP00000347532","sMPVLGSVSSVTK"
"ENSP00000347845","GGNLPPVsPNDSGAK"
"ENSP00000347852","TsPGRVDLPGSSTTLTK"
"ENSP00000347931","LFPELEERsLETAR"
"ENSP00000347978","LKTEKEPDATPPsPR"
"ENSP00000347978","NAPAAVDEGSIsPR"
"ENSP00000348089","IIEQLsPQAATSR"
"ENSP00000348128","ASDPAsPHIGR"
"ENSP00000348128","DSSFTEVPRsPK"
"ENSP00000348128","FSSSIENSDsPVR"
"ENSP00000348128","QAHDLsPAAESSSTFSFSGR"
"ENSP00000348128","YGsFEEAEASYPILNR"
"ENSP00000348128","YQtQPVTLGEVEQVQSGK"
"ENSP00000348128","sFDEQNVPK"
"ENSP00000348163","INNFsADIK"
"ENSP00000348163","RAEsMLQQADK"
"ENSP00000348163","yAFVNWINK"
"ENSP00000348273","LFsRDAPGREDNTFK"
"ENSP00000348274","AECTLKEsAAINQILGR"
"ENSP00000348274","AECtLKESAAINQILGR"
"ENSP00000348278","LLTRtPDIAQR"
"ENSP00000348316","MASNIFGtPEENQASWAK"
"ENSP00000348316","MAsNIFGTPEENQASWAK"
"ENSP00000348316","RNsSEASSGDFLDLK"
"ENSP00000348381","IEEVLSPEGSPSKsPSK"
"ENSP00000348510","NSSTDQGsDEEGSLQK"
"ENSP00000348596","YIEIDsDEEPRGELLSLR"
"ENSP00000348965","TRTDsTSDGRPAWMR"
"ENSP00000348984","ESDQTLAALLsPK"
"ENSP00000348984","RFSRsPIR"
"ENSP00000348984","RFsRSPIR"
"ENSP00000348984","SHDDGNIDLESDsFLK"
"ENSP00000348984","SHDDGNIDLEsDSFLK"
"ENSP00000348984","SVESTsPEPSK"
"ENSP00000349124","NHSDSSTSESEVSSVsPLK"
"ENSP00000349291","GTSsPDYRHYLR"
"ENSP00000349305","EENPEsDGEPVVEDGTSVK"
"ENSP00000349305","LQLRVPsVESLFR"
"ENSP00000349305","TSsFTEQLDEGTPNR"
"ENSP00000349305","VPSVESLFRsPIK"
"ENSP00000349305","VPsVESLFRSPIK"
"ENSP00000349437","ALSSLHGDDQDsEDEVLTIPEVK"
"ENSP00000349456","FQTGNKsPEVLR"
"ENSP00000349456","SEAAGSPDQGSTYsPAR"
"ENSP00000349541","EGEELGEGERPEEDAAALELSsDEAVEVEEVIEESRAER"
"ENSP00000349541","EGEELGEGERPEEDAAALELsSDEAVEVEEVIEESRAER"
"ENSP00000349541","LPAKLsISK"
"ENSP00000349541","SFTPDHVVyAR"
"ENSP00000349541","SFtPDHVVYAR"
"ENSP00000349541","sFTPDHVVYAR"
"ENSP00000349588","NGNTALAIAKRLGYISVVDtLK"
"ENSP00000349588","NGNTALAIAKRLGYIsVVDTLK"
"ENSP00000349588","NGNTALAIAKRLGyISVVDTLK"
"ENSP00000349588","NGNtALAIAKRLGYISVVDTLK"
"ENSP00000349588","SDsNASFLR"
"ENSP00000349620","LAAPSVSHVsPRK"
"ENSP00000349629","SPVDIVTGGIsPVRDLDR"
"ENSP00000349856","EVPWsPSAEK"
"ENSP00000349960","AVFPsIVGRPR"
"ENSP00000349960","IWHHTFyNELR"
"ENSP00000349960","sYELPDGQVITIGNER"
"ENSP00000350018","ERTESEVPPRPAsPK"
"ENSP00000350032","SVDIsPTR"
"ENSP00000350071","NLEQILNGGEsPK"
"ENSP00000350267","GTHLPEsPKLEDFYR"
"ENSP00000350310","SIHSFMTHPEFAIEEELPRtPLLDEEEEENPDK"
"ENSP00000350549","QLAAELEAANLsHAAAQR"
"ENSP00000350676","DAEYIYPSLEsDDDDPALK"
"ENSP00000350676","NSDDAPWsPK"
"ENSP00000350686","TSLPLsPVK"
"ENSP00000350686","YGGsPRDPVLTLR"
"ENSP00000350698","AAPEEHDsPTEASQPIVEEEETK"
"ENSP00000350708","PAETPVATsPTATDSTSGDSSR"
"ENSP00000351052","LPLVPEsPRR"
"ENSP00000351052","NWGAVVRsPEGTPQK"
"ENSP00000351052","SQDATFSPGSEQAEKsPGPIVSR"
"ENSP00000351138","TLMLPLTEGsLR"
"ENSP00000351155","DRNsWGGFSEK"
"ENSP00000351209","ARQSPEDVyFSK"
"ENSP00000351209","ARQsPEDVYFSK"
"ENSP00000351209","SEQLKPLKTyVDPHTYEDPNQAVLK"
"ENSP00000351209","TLADFDPRVsIRLPSTSGSEGVPFR"
"ENSP00000351209","VSIRLPSTSGsEGVPFR"
"ENSP00000351209","VSIRLPsTSGSEGVPFR"
"ENSP00000351407","ERFARsDDEQSSADK"
"ENSP00000351416","APsPAPSSVPLGSEKPSNVSQDR"
"ENSP00000351416","LTVAsPK"
"ENSP00000351631","ISNLsPEEEQGLWK"
"ENSP00000351777","AsGADSKGDDLSTAILK"
"ENSP00000351783","KCEAVASAMHSsR"
"ENSP00000351811","GLLPGLLPAPADKLtPK"
"ENSP00000352069","TTPATGEQsPGAR"
"ENSP00000352091","NLNNSNLFsPVNR"
"ENSP00000352091","YGLQDsDEEEEEHPSK"
"ENSP00000352138","FSYTSQHSDyGQR"
"ENSP00000352208","GPVGtVSEAQLAR"
"ENSP00000352208","HTIIPAKsPEK"
"ENSP00000352264","sVDFDSLTVR"
"ENSP00000352400","ITPPAAKPGsPQAK"
"ENSP00000352400","SPGsTPTTPTSSQAPQK"
"ENSP00000352438","PSsSPVIFAGGQDR"
"ENSP00000352513","INKSESVVyADIR"
"ENSP00000352513","SEsVVYADIR"
"ENSP00000352513","SLPSGSHQGPVIyAQLDHSGGHHSDK"
"ENSP00000352516","EADDDEEVDDNIPEMPsPKK"
"ENSP00000352516","RVGMADANsPPKPLSK"
"ENSP00000352516","VNPQIsDEKDEDEK"
"ENSP00000352572","NWDSLIPDEMPDsPIQEK"
"ENSP00000352581","ASLLHSMPTHSsPR"
"ENSP00000352581","DYNPYNYSDSIsPFNK"
"ENSP00000352581","EASPsRLSVAR"
"ENSP00000352581","EAsPSRLSVAR"
"ENSP00000352581","SRsDIDVNAAAGAK"
"ENSP00000352581","VLNTGsDVEEAVADALK"
"ENSP00000352678","ATEPPsPDAGELSLASR"
"ENSP00000352821","LLAAGsPLAHSR"
"ENSP00000352834","DVEsPSWR"
"ENSP00000352834","SIsPEWK"
"ENSP00000352995","AGGTALLPGPPAPsPLPATPLSAK"
"ENSP00000352995","DWRGPPNsPDLK"
"ENSP00000352995","HSPAPPPDPGFPAPsPPPADSPSEGFSLK"
"ENSP00000352995","RSLsPILPGR"
"ENSP00000353010","SVSVDEsRPELIFR"
"ENSP00000353098","VHsPPASLVPR"
"ENSP00000353098","VSPSTSYtPSR"
"ENSP00000353098","VsPSTSYTPSR"
"ENSP00000353114","FKIPSLGWsPSK"
"ENSP00000353114","SHsSSEAYEPR"
"ENSP00000353401","RAYQQKPYPsPK"
"ENSP00000353491","AFNRRsPLTR"
"ENSP00000353518","IHGSAAREEDEHPyELLLTAETK"
"ENSP00000353518","SPsFASEWDEIEK"
"ENSP00000353549","NIIsPPWDFREFEVEK"
"ENSP00000353769","ESRsPFLKPDER"
"ENSP00000353769","FDIYDPFHPTDEAYsPPPAPEQK"
"ENSP00000353769","GAEETSWsGEER"
"ENSP00000353770","GLSLVDKENtPPALSGTR"
"ENSP00000353770","VPLAPITDPQQLQLsPLK"
"ENSP00000353793","SHILEDDENsVDISMLK"
"ENSP00000354111","SLSTSGEsLYHVLGLDK"
"ENSP00000354451","sLTAHSLLPLAEK"
"ENSP00000354487","NNDQPQSANANEPQDSTVNLQsPLK"
"ENSP00000354518","KEEENADsDDEGELQDLLSQDWR"
"ENSP00000354519","SPsAGDVHILTGFAK"
"ENSP00000354522","SGDHLHNDsQIEADFR"
"ENSP00000354560","sLNANTDITSLAR"
"ENSP00000354671","LHLsPPLGR"
"ENSP00000354671","SWVIGsPEILRK"
"ENSP00000354718","ALQLSNsPGASSAFLK"
"ENSP00000354718","IPSFFPSPEEPPsPSAPSIAK"
"ENSP00000354718","IPSFFPsPEEPPSPSAPSIAK"
"ENSP00000354718","SGSLDSELSVsPKR"
"ENSP00000354718","SGSLDsELSVSPKR"
"ENSP00000354720","KGDVEGSQsQDEGEGSGESER"
"ENSP00000354730","AVPPVsPELR"
"ENSP00000354730","DNQESsDAELSSSEYIK"
"ENSP00000354730","GGsPDLWK"
"ENSP00000354730","HAsPDKWNDKPK"
"ENSP00000354730","KPGPPLsPEIR"
"ENSP00000354730","KPGPSGPSEsPK"
"ENSP00000354730","KTsPASLDFPESQK"
"ENSP00000354730","LAPVPSPEPQKPAPVsPESVK"
"ENSP00000354730","LAPVPsPEPQKPAPVSPESVK"
"ENSP00000354730","SPPAsPESWK"
"ENSP00000354730","TAPTLsPEHWK"
"ENSP00000354730","sPAGSPELR"
"ENSP00000354739","IGPLGLsPKK"
"ENSP00000354964","LGsPVDNLEDMDRDDLTDDSVFTR"
"ENSP00000354964","SVRIPsPNILK"
"ENSP00000354964","sFPDIEDEEK"
"ENSP00000354964","sPKPAESPQSATK"
"ENSP00000355013","GEEGsDDDETENGPKPK"
"ENSP00000355013","KGGEFDEFVNDDtDDDLPISK"
"ENSP00000355124","APsIHGGSGGR"
"ENSP00000355133","VSHPQEPMLTAsPR"
"ENSP00000355177","LSEGPAAMAGPGsPPR"
"ENSP00000355237","HSTPSNSSNPSGPPsPNSPHR"
"ENSP00000355388","GAEAFGDsEEDGEDVFEVEK"
"ENSP00000355388","GLWSTDsAEEDK"
"ENSP00000355428","GLSDHVsLDGQELGTR"
"ENSP00000355464","DRTTSFFLNsPEK"
"ENSP00000355464","ESAWsPPPIEIR"
"ENSP00000355464","LEAQDsGEEAR"
"ENSP00000355464","NLsFNELYPSGTLK"
"ENSP00000355464","STPLASPSPSPGRsPQR"
"ENSP00000355568","LEEPPELNRQsPNPR"
"ENSP00000355568","RKPsPEPEGEVGPPK"
"ENSP00000355583","ITVQAsPNLDK"
"ENSP00000355899","AAAAPDSRVsEEENLK"
"ENSP00000355899","VSEEENLKKtPK"
"ENSP00000355922","GFADIPTGKTsPYILR"
"ENSP00000355922","LALsPLSLGK"
"ENSP00000355922","SVPVNNLPERsPTDSPR"
"ENSP00000355922","VAQRsPVDSGTILREPTTK"
"ENSP00000355923","ERPVsEMFSLEDSIIER"
"ENSP00000355923","PRPATsTPDLASHR"
"ENSP00000355923","RHsLEVMNSMVR"
"ENSP00000355923","SVsNGALR"
"ENSP00000355923","YVSGSsPDLVTRK"
"ENSP00000355923","YVSGsSPDLVTRK"
"ENSP00000355927","FLNRSPEEsFDIK"
"ENSP00000355927","FLNRsPEESFDIK"
"ENSP00000355944","AGsPELVVLDPPWDK"
"ENSP00000356047","RNsFTPLSSSNTIR"
"ENSP00000356076","LYTyIQSR"
"ENSP00000356110","ATVtPSPVK"
"ENSP00000356110","EKTPSPKEEDEEPEsPPEK"
"ENSP00000356110","EKTPsPKEEDEEPESPPEK"
"ENSP00000356110","EKtPSPKEEDEEPESPPEK"
"ENSP00000356110","KVVDYSQFQEsDDADEDYGRDSGPPTK"
"ENSP00000356110","LKATVTPsPVK"
"ENSP00000356110","NSQEDsEDSEDKDVK"
"ENSP00000356183","LSVQSNPsPQLR"
"ENSP00000356183","TVLPTVPEsPEEEVK"
"ENSP00000356214","QAsLEQANSFPR"
"ENSP00000356214","VGLStPPPPAYESIIK"
"ENSP00000356224","ALPsEDEEGQDDKDFYLR"
"ENSP00000356224","SKtPTGPELDTSYK"
"ENSP00000356265","GQLTNIVsPTAATTPR"
"ENSP00000356275","GFGFGQGAGALVHsE"
"ENSP00000356379","ILsPDSFIK"
"ENSP00000356379","RIHFsPSEPK"
"ENSP00000356379","VPLSNENSQVPQsPEDWRK"
"ENSP00000356437","AGGsVESLR"
"ENSP00000356448","TDGFAEAIHsPQVAGVPR"
"ENSP00000356465","VLNWDsR"
"ENSP00000356481","GESLSLPGPsPPPDGTEQVIISR"
"ENSP00000356481","RAsAILPGVLGSETLSNEVFQESEEEKQPEVPSSLAK"
"ENSP00000356579","LLELKsPTELMK"
"ENSP00000356602","yAGSALQYEDVSTAVQNLQK"
"ENSP00000356607","LYHsLGPVTR"
"ENSP00000356607","SAtFPNAGPR"
"ENSP00000356621","LEVPAERsPR"
"ENSP00000356621","LKsPSQDNTDSYFR"
"ENSP00000356621","RPLHPALNQPGGLQPLSFQNPVyHLNNPIPAMPK"
"ENSP00000356621","SLtNPTPIQQQLR"
"ENSP00000356746","KDDVsPVMQFSSK"
"ENSP00000356811","ESSNsVSNHQLSGFDQAR"
"ENSP00000356828","ETPHsPPGGVK"
"ENSP00000356828","LQANLTFDPAALLPGASPKsPGLK"
"ENSP00000356828","SKAPGsPLSSEGAAGEGVR"
"ENSP00000356828","VKSsPLIEK"
"ENSP00000356840","RINPPSSGGTSSsPIK"
"ENSP00000356918","EFGSLPTtPSEQR"
"ENSP00000357005","KVIYSQPsAR"
"ENSP00000357048","NLsPGAVESDVR"
"ENSP00000357055","DIIRQPsEEEIIK"
"ENSP00000357055","LTRIPsAKK"
"ENSP00000357076","NFsDNQLQEGK"
"ENSP00000357175","SSGVVPQsAPPVPTASSR"
"ENSP00000357189","AGDLLEDsPKRPK"
"ENSP00000357189","KGNAEGSsDEEGKLVIDEPAK"
"ENSP00000357189","KGNAEGsSDEEGKLVIDEPAK"
"ENSP00000357206","ENQEPLRsPEVGDEEALRPLTK"
"ENSP00000357206","LELQFPRtPEGR"
"ENSP00000357283","LQLELsK"
"ENSP00000357283","LRLSPsPTSQR"
"ENSP00000357283","LRLsPSPTSQR"
"ENSP00000357283","NKsNEDQSMGNWQIK"
"ENSP00000357283","SGAQASSTPLsPTR"
"ENSP00000357283","SVGGSGGGsFGDNLVTR"
"ENSP00000357283","SVGGsGGGSFGDNLVTR"
"ENSP00000357341","VLSSTsEEDEPGVVK"
"ENSP00000357448","ALQAPHsPSK"
"ENSP00000357459","TAESQtPTPSATSFFSGK"
"ENSP00000357459","TMLLLSRsPEAQPK"
"ENSP00000357555","DLLHPsPEEEK"
"ENSP00000357622","HIDSSPYSPAYLsPPPESSWR"
"ENSP00000357622","RVPLsPLSLLAGPADAR"
"ENSP00000357625","ASETDTHsIGEK"
"ENSP00000357643","AFMEsPKQILDSAASLTGSK"
"ENSP00000357643","AQSLVISPPAPsPRK"
"ENSP00000357643","AQSLVIsPPAPSPR"
"ENSP00000357643","DINTFLGtPVQK"
"ENSP00000357643","DINTFVGtPVEK"
"ENSP00000357643","ELFQTPGHtEELVAAGK"
"ENSP00000357643","ELFQtPDHTEESTTDDK"
"ENSP00000357643","ELFQtPGHTEEAVAAGK"
"ENSP00000357643","LDLLGNLPGsK"
"ENSP00000357643","SGGSGHAVAEPAsPEQELDQNK"
"ENSP00000357643","TPVQYSQQQNsPQK"
"ENSP00000357674","AGAGSAAVSGAGtPVAGPTGR"
"ENSP00000357674","AMLDSGIYPPGsPGK"
"ENSP00000357679","NKQPtPVNIR"
"ENSP00000357858","VAVEYLDPsPEVQK"
"ENSP00000357904","DLFNGLDsEEEK"
"ENSP00000358064","SFNYsPNSSTSEVSSTSASK"
"ENSP00000358071","VVEsPDFSKDEDYLGK"
"ENSP00000358081","SSTPLHsPSPIR"
"ENSP00000358081","SSVQGASSREGsPAR"
"ENSP00000358081","SSVQGASsREGSPAR"
"ENSP00000358200","TLsFDTSK"
"ENSP00000358283","GRKDDDsDDESQSSHTGK"
"ENSP00000358335","RMsADMSEIEAR"
"ENSP00000358335","RRsIQDLTVTGTEPGQVSSR"
"ENSP00000358374","FHsPSTTWSPNK"
"ENSP00000358374","IDRDSYsPR"
"ENSP00000358374","ITESsLVEITEHK"
"ENSP00000358374","LEKsLEEK"
"ENSP00000358374","TEELIEsPKLESSEGEIIQTVDR"
"ENSP00000358510","sNQIPTEVR"
"ENSP00000358563","AGLESGAEPGDGDsDTTKK"
"ENSP00000358563","AGLEsGAEPGDGDSDTTK"
"ENSP00000358563","AKEVELVsE"
"ENSP00000358563","sLPEEDVAEIQHAEEFLIKPESK"
"ENSP00000358571","AVCSTyLQSR"
"ENSP00000358635","LFVGsIPK"
"ENSP00000358716","YQEsPGIQMK"
"ENSP00000358770","DSGsISLQETRR"
"ENSP00000358789","AQISsPNLR"
"ENSP00000358789","LKYEEPEYDIPAFGFDsEPELSEEPVEDR"
"ENSP00000358799","DRtPPLLYR"
"ENSP00000358799","HLDRsPESDRPR"
"ENSP00000358799","LLLERPsPIR"
"ENSP00000358799","SLsPGGAALGYR"
"ENSP00000358799","TTAPTEGKsPLKK"
"ENSP00000358810","AAsPPASASDLIEQQQK"
"ENSP00000358857","MDNYADLsDTELTTLLR"
"ENSP00000358862","LEGGRQDsEDEEER"
"ENSP00000358866","CSGPGLsPGMVR"
"ENSP00000358866","EGPYSISVLYGDEEVPRsPFK"
"ENSP00000358866","RAPsVANVGSHCDLSLK"
"ENSP00000358866","SPFSVAVSPsLDLSK"
"ENSP00000358866","YGGDEIPFsPYRVR"
"ENSP00000358866","YGGPYHIGGsPFK"
"ENSP00000358953","ENLQPQSSGVQGQVPIsPEPLQRPEMLK"
"ENSP00000359042","RSQsIEQESQEK"
"ENSP00000359042","SRsIDRGLER"
"ENSP00000359042","sRSIDRGLER"
"ENSP00000359211","EQNVAFsPLK"
"ENSP00000359264","HGETFTFRDPHLLDPTVEyVK"
"ENSP00000359264","QNsPVTQDGIQESPWQDR"
"ENSP00000359264","RLsLTMGGVQAR"
"ENSP00000359264","TGSEPALsPAVVRR"
"ENSP00000359264","TGsEPALSPAVVR"
"ENSP00000359300","RMsPKPELTEEQK"
"ENSP00000359345","RFPGYDSEsK"
"ENSP00000359552","ASsLGEIDESSELR"
"ENSP00000359552","GREDVSNFDDEFTSEAPILtPPREPR"
"ENSP00000359645","GLPPsMER"
"ENSP00000359645","RDVYLsPRDDGYSTK"
"ENSP00000359645","VEQATKPsFESGR"
"ENSP00000359665","MDETsPLVSPER"
"ENSP00000359665","VAAAAGSGPSPPGsPGHDRER"
"ENSP00000359665","VAAAAGSGPsPPGSPGHDRER"
"ENSP00000359760","GNsDGYIIPINK"
"ENSP00000359837","RQTEPVsPVLK"
"ENSP00000359837","YTLRTsPR"
"ENSP00000359988","KPIETGsPK"
"ENSP00000359988","LNHVAAGLVsPSLK"
"ENSP00000359988","VTRDYDEEEQGYDsEK"
"ENSP00000359991","FSGWYDADLsPAGHEEAK"
"ENSP00000359991","HGEsAWNLENR"
"ENSP00000359991","LNERHyGGLTGLNK"
"ENSP00000359991","sYDVPPPPMEPDHPFYSNISK"
"ENSP00000360017","SEPHsPGIPEIFR"
"ENSP00000360021","LEAsIER"
"ENSP00000360108","SATSTSAsPTLR"
"ENSP00000360124","AIGGIILTAsHNPGGPNGDFGIK"
"ENSP00000360266","NSDLLtSPDVGLLK"
"ENSP00000360269","ELGELRKEPsL"
"ENSP00000360305","SAMPFTAsPASSTTAR"
"ENSP00000360305","VWsPLVTEEGK"
"ENSP00000360464","APVSGSRsPDREASGSGGR"
"ENSP00000360464","IGELGAPEVWGLsPK"
"ENSP00000360483","KLNsPEETAFQTPK"
"ENSP00000360497","AEQLsPGK"
"ENSP00000360497","ELDEGRYGVYEDENYEVGsDDEEIPFK"
"ENSP00000360532","LVLPAPQIsDAELQEVVK"
"ENSP00000360682","RLAAAEETAVsPRK"
"ENSP00000360682","sPRPAGPQLFLPDPDPQR"
"ENSP00000360683","GsPLNAAPYGIESMSQDTEVR"
"ENSP00000360683","VVGGsLR"
"ENSP00000360683","YRDVsPFDHSR"
"ENSP00000360709","DDEEKPKIEDVGsDEEDDSGK"
"ENSP00000360709","EIsDDEAEEEKGEKEEEDK"
"ENSP00000360709","IRyESLTDPSKLDSGK"
"ENSP00000360709","SLtNDWEDHLAVK"
"ENSP00000360709","sLTNDWEDHLAVK"
"ENSP00000360798","LNDPFQPFPGNDsPKEK"
"ENSP00000360798","NIIGSsPVADFSAIK"
"ENSP00000360798","RSINKLDsPDPFK"
"ENSP00000360985","ELEKPIQSKPQSPVIQAAAVsPK"
"ENSP00000360985","ELEKPIQSKPQsPVIQAAAVSPK"
"ENSP00000360985","GQSQLsNPTDDSWK"
"ENSP00000360995","SDATNYASHsPPVNR"
"ENSP00000361066","AVsLDSPVSVGSSPPVK"
"ENSP00000361162","AADsDDGAVSAPAASDGGVSK"
"ENSP00000361219","ILLVDsPGMGNADDEQQEEGTSSK"
"ENSP00000361423","GQGESDPLDHEPAVsPLLPRK"
"ENSP00000361433","RRsAEDELAMR"
"ENSP00000361486","MWGTsPEDK"
"ENSP00000361524","VGDTEKPEPERsPPNR"
"ENSP00000361635","LTFDTTFsPNTGKK"
"ENSP00000361711","GTDDSPKDsQEDLQER"
"ENSP00000361711","GTDDsPKDSQEDLQER"
"ENSP00000361712","EGKPEIEGKPEsEGEPGSETR"
"ENSP00000361777","RQsPLPPQK"
"ENSP00000361900","NRVPsAGDVEK"
"ENSP00000362092","MSPNETLFLEStNK"
"ENSP00000362135","LFRPPsPAPAAPGAR"
"ENSP00000362135","LLRLPGSGAVQAAsPER"
"ENSP00000362244","AVEARsPGLQK"
"ENSP00000362244","EANANGSsPEPVK"
"ENSP00000362244","KPNAGGsPAPVR"
"ENSP00000362244","LSASTASELsPK"
"ENSP00000362339","IDRtDAISEEK"
"ENSP00000362409","GLLAQGLRPESPPPAGPLLNGAPAGEsPQPK"
"ENSP00000362409","GLLAQGLRPEsPPPAGPLLNGAPAGESPQPK"
"ENSP00000362413","ALEsPERPFLAILGGAK"
"ENSP00000362441","KKDELsDYAEK"
"ENSP00000362441","LTPVSLSNsPIK"
"ENSP00000362441","VYEHTSRFsPK"
"ENSP00000362456","GADsGEEKEEGINREDK"
"ENSP00000362532","LSMEDSKsPPPK"
"ENSP00000362532","LSMEDsKSPPPK"
"ENSP00000362638","AAAtPESQEPQAK"
"ENSP00000362638","GDVTAEEAAGAsPAK"
"ENSP00000362638","LSGLsFKR"
"ENSP00000362649","MLPHAPGVQMQAIPEDAIPEEsGDEDEDDPDKR"
"ENSP00000362727","RTSVPsPEQPQPYR"
"ENSP00000362727","RTsVPSPEQPQPYR"
"ENSP00000362727","TAPsPLVEAKDPK"
"ENSP00000362727","sLEDLRAPK"
"ENSP00000362751","EVLDEDtDEEKETLK"
"ENSP00000362768","DMQPLsPISVHER"
"ENSP00000362768","EAVItPVASATQSVSR"
"ENSP00000362768","ISQQHSIYIsPHK"
"ENSP00000362768","RVIAIDSDAEsPAK"
"ENSP00000362768","SFAPStPLTGRR"
"ENSP00000362768","SPVSLTAHSLIGAsPK"
"ENSP00000362900","SKPNLPSESRsR"
"ENSP00000362937","RRsPPADAIPK"
"ENSP00000362942","RLsQRPTPEELEQR"
"ENSP00000362942","RPLsSSHEASEGQAK"
"ENSP00000363014","ANSWQLVEtPEK"
"ENSP00000363124","SLEPEEsPGKR"
"ENSP00000363135","KVEGNFNPFAsPQK"
"ENSP00000363435","GRVAsFSIPGSSSR"
"ENSP00000363458","ALIRsPSLAK"
"ENSP00000363516","QFLISPPAsPPVGWK"
"ENSP00000363524","NQsLVEENEK"
"ENSP00000363524","TFsLTEVR"
"ENSP00000363545","IGTVEFPAsCTKVLK"
"ENSP00000363714","AVGPSGGGGEtPR"
"ENSP00000363714","DAPSLRSsPGPAPR"
"ENSP00000363836","RSAsADNLTLPR"
"ENSP00000363921","AGsPSRDVGPSLGLK"
"ENSP00000363921","DVTIGGSAPIyVK"
"ENSP00000363921","EGFGRQsMSEK"
"ENSP00000363921","ERDyAEIQDFHR"
"ENSP00000363921","ESVSTASDQPSHsLER"
"ENSP00000363921","FsPDSQYIDNR"
"ENSP00000363921","GPFRQDVPPSPsQVAR"
"ENSP00000363921","KQPPSEGPSNyDSYKK"
"ENSP00000363921","SPGsPPGPELPIETALDDRER"
"ENSP00000363944","AQQQEEQGsVNDVKEEEK"
"ENSP00000364118","GAsPLGPGSAAGSGAAASGGLGLGLGGR"
"ENSP00000364119","sGDEMIFDPTMSKK"
"ENSP00000364403","AAPPPPPPPPPLESsPR"
"ENSP00000364403","ELASPVsPELR"
"ENSP00000364519","VFIDQNLsPGK"
"ENSP00000364742","APLsPSLNSRPSPISATPPALVPETR"
"ENSP00000364742","RGsLPDQK"
"ENSP00000364765","KQsEADLAETRPDLK"
"ENSP00000364794","APLKPYPVsPSDK"
"ENSP00000364893","KPsDEEFASRK"
"ENSP00000364893","MsGFIYQGKLPTTGMTITK"
"ENSP00000364893","SGTLKsPPK"
"ENSP00000364912","HGSFHEDEDPIGsPR"
"ENSP00000364912","LLSVKGsPKVDEK"
"ENSP00000364912","NVDAAVsPR"
"ENSP00000365016","ATFSGsAGR"
"ENSP00000365016","RHNSAsVENVSLRK"
"ENSP00000365016","RTYsLTTPAR"
"ENSP00000365016","RVsGDAAQDLDR"
"ENSP00000365016","SNtPESIAETPPAR"
"ENSP00000365016","VAsPTSGVK"
"ENSP00000365016","VRTAsEGDGGAAAGAAAAGAR"
"ENSP00000365107","DLELALsPIHNSSALPTTGR"
"ENSP00000365147","ATDELATKLsR"
"ENSP00000365147","RADLNQGIGEPQSPsRR"
"ENSP00000365147","RADLNQGIGEPQsPSRR"
"ENSP00000365312","TNPPTQKPPsPPMSGR"
"ENSP00000365411","DLNEsLNALEDQDLDALMADLVADISEAEQR"
"ENSP00000365411","RSsDTSGSPATPLK"
"ENSP00000365477","QSELSAEEsPEK"
"ENSP00000365637","ISSLPVSRPIsPSPSAILER"
"ENSP00000365730","RNtFVGTPFWMAPEVIK"
"ENSP00000365745","LPSsPVYEDAASFK"
"ENSP00000365745","TVPVEAVTsK"
"ENSP00000365830","DLVMGSsPQLK"
"ENSP00000365837","VPSPLEGSEGDGDtD"
"ENSP00000365931","LVPIKPAPLPLsPGK"
"ENSP00000365962","QAsLDGLQQLR"
"ENSP00000366084","DNEESEQPPVPGtPTLR"
"ENSP00000366109","GGPGsAVSPYPTFNPSSDVAALHK"
"ENSP00000366237","SISASKAsPPGDLQNPK"
"ENSP00000366271","RTLsNESEESVK"
"ENSP00000366284","GDsLILEHQWELEK"
"ENSP00000366284","MSDTGsPGMQR"
"ENSP00000366395","LQKLEsPVAH"
"ENSP00000366396","NsPGSQVASNPR"
"ENSP00000366396","RKAEDSDsEPEPEDNVR"
"ENSP00000366396","RKAEDsDSEPEPEDNVR"
"ENSP00000366434","EVNsQEEEEEELLRK"
"ENSP00000366434","EVsPGSRDILDGVR"
"ENSP00000366522","AFsEDEALAQQENR"
"ENSP00000366522","RAELPGSSsPLLAQPR"
"ENSP00000366582","NIAIQTsPSLRK"
"ENSP00000366604","LRTGDLGIPPNPEDRSPsPEPIYNSEGK"
"ENSP00000366604","LRTGDLGIPPNPEDRsPSPEPIYNSEGK"
"ENSP00000366702","HLSYVVsP"
"ENSP00000366702","RSHsGPAGSFNKPAIR"
"ENSP00000366819","KFLEESVSMsPEER"
"ENSP00000366863","AHTFSHPPsSTK"
"ENSP00000366863","AQGVRsPLLR"
"ENSP00000366863","GRLGSVDsFER"
"ENSP00000366863","GRLGsVDSFER"
"ENSP00000366863","HAsAPSHVQPSDSEK"
"ENSP00000366863","SLTsSLENIFSR"
"ENSP00000366936","AGKGESAGyMEPYEAQR"
"ENSP00000367050","DSPEsPFEVIIDK"
"ENSP00000367208","LEGQGDVPtPK"
"ENSP00000367208","NLYPSSSPYtR"
"ENSP00000367220","MVGDEAsELR"
"ENSP00000367263","ADLDVsGPK"
"ENSP00000367263","ADLDVsGPKVDVDVPDVNIEGPDAK"
"ENSP00000367263","ASLGSLEGEAEAEASsPK"
"ENSP00000367263","ASLGsLEGEAEAEASSPK"
"ENSP00000367263","DDGVFVQEVTQNsPAAR"
"ENSP00000367263","DIDISsPEFK"
"ENSP00000367263","FGFGAKsPKADIK"
"ENSP00000367263","FGTFGGLGsK"
"ENSP00000367263","FGtFGGLGSK"
"ENSP00000367263","FKAEAPLPsPKLEGELQAPDLELSLPAIHVEGLDIK"
"ENSP00000367263","FKMPFLSISsPK"
"ENSP00000367263","FNFsGSK"
"ENSP00000367263","GGVTGSPEASISGsKGDLK"
"ENSP00000367263","GGVTGsPEASISGSKGDLK"
"ENSP00000367263","GPAFNMAsPESDFGINLK"
"ENSP00000367263","GPRIsAPNVDFNLEGPK"
"ENSP00000367263","GPSLDIDtPDVNIEGPEGK"
"ENSP00000367263","IHMsGPK"
"ENSP00000367263","ISMPDIDLNLtGPK"
"ENSP00000367263","ISMPDLDLHLKsPK"
"ENSP00000367263","ISMQDVDLSLGsPK"
"ENSP00000367263","KGDRsPEPGQTWTR"
"ENSP00000367263","LDFEGPDAKLsGPSLK"
"ENSP00000367263","LKsEDGVEGDLGETQSR"
"ENSP00000367263","LNIEGKsK"
"ENSP00000367263","LQGSGVSLAsKK"
"ENSP00000367263","LSGPsLKMPSLEISAPK"
"ENSP00000367263","MYFPDVEFDIKsPK"
"ENSP00000367263","MsLPDVDLDLK"
"ENSP00000367263","SKGHYEVTGsDDETGK"
"ENSP00000367263","SNsFSDER"
"ENSP00000367263","TVIRLPSGSGAAsPTGSAVDIR"
"ENSP00000367263","TVIRLPsGSGAASPTGSAVDIR"
"ENSP00000367263","VDINtPDVDVHGPDWHLK"
"ENSP00000367263","VDVKsPK"
"ENSP00000367263","VHAPGLNLsGVGGK"
"ENSP00000367263","VKGEyDVTVPK"
"ENSP00000367263","VKtPEMIIQKPK"
"ENSP00000367263","VSMPDVELNLKsPK"
"ENSP00000367263","VSVGAPDLSLEASEGsIKLPK"
"ENSP00000367265","GAHPsGGADDVAK"
"ENSP00000367276","EVsIEDTGVDVDPEKLEMESK"
"ENSP00000367356","LTIQEHLYPAPSsPEK"
"ENSP00000367356","TADAPSEPAAsPHQR"
"ENSP00000367406","DKEPFTFSsPASGR"
"ENSP00000367407","GsPGGYLGAK"
"ENSP00000367721","LIRPEYAWIVQPVSGAVYDRPGAsPK"
"ENSP00000367787","LTTTGQVTsPVK"
"ENSP00000367900","AYtPVVVTQWYR"
"ENSP00000368017","TSSSSPANsDVEIDGIGR"
"ENSP00000368565","NASAsFQELEDKK"
"ENSP00000368565","NAsASFQELEDKK"
"ENSP00000368698","VIGIsQEESHPSR"
"ENSP00000368698","WRsEGADPAK"
"ENSP00000368719","EGsPEPWLPLTDGR"
"ENSP00000368856","SESGTDLREHsPSESEK"
"ENSP00000369075","TPAAPAsPAAVPSEGSGGSTTGWR"
"ENSP00000369127","VNFPENGFLsPDKLSLLEK"
"ENSP00000369129","GLPSPYNMsSAPGSR"
"ENSP00000369129","GLPsPYNMSSAPGSR"
"ENSP00000369134","YHGHSMSDPGVsYR"
"ENSP00000369134","YHGHsMSDPGVSYR"
"ENSP00000369270","DPNSATATAPPsPLK"
"ENSP00000369270","LAEETEGPsDGESAAEK"
"ENSP00000369431","SVNEILGLAESsPNEPK"
"ENSP00000369500","EQDLPLAEAVRPKtPPVVIK"
"ENSP00000369538","IPGsPPESMGR"
"ENSP00000369716","METEADAPsPAPSLGER"
"ENSP00000369757","LSSLRASTSKsESSQK"
"ENSP00000369757","LSSLRAsTSKSESSQK"
"ENSP00000369757","RLSsLRASTSK"
"ENSP00000369757","RLsSLRASTSK"
"ENSP00000369777","YEPQsPGYEPR"
"ENSP00000369857","GFGEYSRsPTF"
"ENSP00000369862","FVQKPYsR"
"ENSP00000369871","AVLSDsPQLSEGK"
"ENSP00000369871","NQIPRtPENLITEIR"
"ENSP00000369887","DGQDAIAQsPEK"
"ENSP00000369887","ISSKsPGHMVILDQTK"
"ENSP00000370009","sDKPDMAEIEK"
"ENSP00000370196","LGLGTLSSSLsR"
"ENSP00000370196","LGLGtLSSSLSR"
"ENSP00000370208","QTsIETDRVSK"
"ENSP00000370345","ITPHTsPAPR"
"ENSP00000370395","SFsSSAEEHS"
"ENSP00000370419","AAAsPLRDCQAWK"
"ENSP00000370503","GIITDsFGR"
"ENSP00000370517","GRsFAGNLNTYK"
"ENSP00000370589","EELMSsDLEETAGSTSIPK"
"ENSP00000370589","FSKEEPVSsGPEEAVGK"
"ENSP00000370698","SHIAQWsPHTPPR"
"ENSP00000370713","ASVLGSGRGSGGLSsQLK"
"ENSP00000370713","ASVLGSGRGSGGLsSQLK"
"ENSP00000370718","HDSIPAADTFEDLsDVEGGGSEPTQR"
"ENSP00000370719","LLsPGTSK"
"ENSP00000370719","SAFTPATATGSSPsPVLGQGEK"
"ENSP00000370741","FTDKDQQPSGsEGEDDDAEAALKK"
"ENSP00000370741","FTDKDQQPsGSEGEDDDAEAALKK"
"ENSP00000370968","ALGGEDsENEEELGDEAMMALDQSLASLFAEQK"
"ENSP00000370968","DPAQPMsPGEATQSGARPADR"
"ENSP00000370968","EIPSATQsPISKK"
"ENSP00000370968","NQKPSQVNGAPGsPTEPAGQK"
"ENSP00000370968","SPAPGAPTRsPSTPAK"
"ENSP00000371221","ELLHSVHPEsPNLK"
"ENSP00000371321","KESVsPEDSEK"
"ENSP00000371341","yATPQVIQAPGPR"
"ENSP00000371475","ETAVPGPLGIEDISPNLsPDDK"
"ENSP00000371475","FVPAENDSILMNPAQDGEVQLsQNDDK"
"ENSP00000371475","GGPGKLsPR"
"ENSP00000371475","GNLLHFPSsQGEEEK"
"ENSP00000371475","LITSEEERsPAK"
"ENSP00000371475","LREQYGLGPYEAVtPLTK"
"ENSP00000371475","NGSTAVAESVAsPQK"
"ENSP00000371475","SEDMPFsPK"
"ENSP00000371735","IADLQsPLFRGPDDDPAALFEMAK"
"ENSP00000371859","ELDQDMVtEDEDDPGSHK"
"ENSP00000371859","FsEEKFHFSDK"
"ENSP00000371859","KRQsPEPSPVTLGR"
"ENSP00000371897","ESTHQSEDVFLPsPR"
"ENSP00000371897","GGIDNPAITsDQELDDKK"
"ENSP00000371897","GSEEDPLLsPVETWK"
"ENSP00000371897","RTHsDASDDEAFTTSK"
"ENSP00000371897","RtHSDASDDEAFTTSK"
"ENSP00000373489","sTFSTNYR"
"ENSP00000373647","AKsVDEIAK"
"ENSP00000373647","RQLsAPHITR"
"ENSP00000373696","KRSEsPPAELPSLR"
"ENSP00000373772","ALVVPEPEPDSDsNQER"
"ENSP00000373979","FNFESFPEsPGEK"
"ENSP00000374213","ALsPVTSR"
"ENSP00000374455","SRLTPVsPESSSTEEK"
"ENSP00000374529","RAVVVsPKEENK"
"ENSP00000375711","SSDEENGPPSsPDLDR"
"ENSP00000375711","sFEGGDGAGPAMLATGTAR"
"ENSP00000375857","IDGATQSsPAEPK"
"ENSP00000375863","NYILDQTNVYGsAQR"
"ENSP00000375918","IRLsPEPWTPETGLVTDAFK"
"ENSP00000375986","GNEPEYEGDDtEGELK"
"ENSP00000375986","HSsPTEERDEPAYPR"
"ENSP00000375986","NLSDIGWPVFEIPsPRPSK"
"ENSP00000376141","VAILtDDEEEQK"
"ENSP00000376167","SPPREGSQGELtPANSQSR"
"ENSP00000376306","DKsPGRPLER"
"ENSP00000376306","ERsPGRLFEDSSR"
"ENSP00000376317","NGPLNEsQEDEEDSEHGTSLNR"
"ENSP00000376410","EHNSMWASLSsPDAEAVEPDFSSIER"
"ENSP00000376457","ANtPELKK"
"ENSP00000376457","ETDVsPFPPR"
"ENSP00000376609","DVLDIEQFsTVK"
"ENSP00000376794","QDYQEILDsPIK"
"ENSP00000376930","FGsADNIPNLK"
"ENSP00000377060","LTWHSYPsEDDDKK"
"ENSP00000377195","LSsPVLHR"
"ENSP00000377195","SPsDSSTASTPVAEQIER"
"ENSP00000377233","LFPEFDDSDyDEVPEEGPGAPAR"
"ENSP00000377233","LFPEFDDsDYDEVPEEGPGAPAR"
"ENSP00000377298","LGsPDYGNSALLSLPGYRPTTR"
"ENSP00000377298","RVSLEPHQGPGtPESK"
"ENSP00000377390","ERIQQFDDGGsDEEDIWEEK"
"ENSP00000377390","FADQDDIGNVsFDR"
"ENSP00000377401","KAVPVEsPVQKV"
"ENSP00000377470","IFFRKMSSsGAK"
"ENSP00000377470","IFFRKMSsSGAK"
"ENSP00000377470","IFFRKMsSSGAK"
"ENSP00000377665","SRsSDIVSSVR"
"ENSP00000377681","VMEKPsPLLVGR"
"ENSP00000377681","YQDEVFGGFVTEPQEEsEEEVEEPEER"
"ENSP00000377774","SGSDAGEARPPTPAsPR"
"ENSP00000377774","TEFLHSQNSLsPR"
"ENSP00000377807","HGLLLPAsPVR"
"ENSP00000377807","RIDFIPVSPAPsPTR"
"ENSP00000377807","RIDFIPVsPAPSPTR"
"ENSP00000377807","SNsAPLIHGLSDTSPVFQAEAPSAR"
"ENSP00000377862","LSQVNEsDADDEDNYGAR"
"ENSP00000377914","KSsPSVKPAVDPAAAK"
"ENSP00000377969","LDTGPQSLsGK"
"ENSP00000378056","RLsGNEYVLSTK"
"ENSP00000378198","IKPTGLLTIPsPQI"
"ENSP00000378217","KTGVAGEDMQDNSGTyGK"
"ENSP00000378217","RSDSASSEPVGIyQGFEK"
"ENSP00000378292","YFSQESEVsE"
"ENSP00000378295","IAQVsPGPRDSPAFPDSPWR"
"ENSP00000378313","ELHPQLLsPTK"
"ENSP00000378320","LPNsIASR"
"ENSP00000378332","KRPSLPSsPSPGLPK"
"ENSP00000378332","KRPsLPSSPSPGLPK"
"ENSP00000378338","HGsGADSDYENTQSGDPLLGLEGK"
"ENSP00000378350","RVSPLNLSSVtP"
"ENSP00000378350","RVsPLNLSSVTP"
"ENSP00000378356","EHSLQVsPSLEK"
"ENSP00000378400","ASSLSESsPPK"
"ENSP00000378400","ETPHsPGVEDAPIAK"
"ENSP00000378400","GWsMSEQSEESVGGR"
"ENSP00000378400","KIsENSYSLDDLEIGPGQLSSSTFDSEK"
"ENSP00000378400","LRsPPEALVQGR"
"ENSP00000378400","SEVQQPVHPKPLSPDsR"
"ENSP00000378400","SEVQQPVHPKPLsPDSR"
"ENSP00000378400","TVsPPIRK"
"ENSP00000378487","LTFDSSFsPNTGKK"
"ENSP00000378505","RYRsPEPDPYLSYR"
"ENSP00000378611","LDVSRsPPLMVK"
"ENSP00000378725","AAGDTTVIENSDVsPETESSEK"
"ENSP00000378725","EIQNGNLHEsDSESVPR"
"ENSP00000378725","KVEPVPVTKQPtPPSEAAASK"
"ENSP00000378752","RNsVERPAEPVAGAATPSLVEQQK"
"ENSP00000378898","TPRsPLSGIPVR"
"ENSP00000378917","EIESsPQYR"
"ENSP00000378917","EVDGLLTSEPMGsPVSSK"
"ENSP00000378917","GPPQsPVFEGVYNNSR"
"ENSP00000378917","LQPSSsPENSLDPFPPR"
"ENSP00000378917","MYPPRsPK"
"ENSP00000378917","QGSGREsPSLASR"
"ENSP00000378917","STSTPTsPGPR"
"ENSP00000378935","DNTFFREsPVGR"
"ENSP00000378935","DtSPSSGSAVSSSK"
"ENSP00000379065","AGFNYEsPSK"
"ENSP00000379133","DISGPsPSK"
"ENSP00000379330","FLSAAKPAGASGLsPR"
"ENSP00000379330","MWKTsPDPSPVSAAPSK"
"ENSP00000379330","RNsAPESILLVPPTWPK"
"ENSP00000379364","HAEAtLGSGNLR"
"ENSP00000379441","SSAWAEGGsPR"
"ENSP00000379462","AFLsPPTLLEGPLR"
"ENSP00000379709","ESTPSEEPSPPHNsK"
"ENSP00000379709","ESTPSEEPsPPHNSK"
"ENSP00000379709","FKsDSGSLGDAK"
"ENSP00000379709","SVsQERLEDSVLMK"
"ENSP00000379712","MQFsFEEYEK"
"ENSP00000379888","GAKLtPEEEEILNK"
"ENSP00000380054","DNPsPEPQLDDIKR"
"ENSP00000380157","LPLsPPLVEDSAFEPSRK"
"ENSP00000380286","ELDEEGsDPPLPGR"
"ENSP00000380413","LDPPPsPHSNR"
"ENSP00000380414","EKsLIVEGKR"
"ENSP00000380460","LWAPDsPNR"
"ENSP00000380495","VNDAEPGsPEAPQGK"
"ENSP00000380763","SVAVsDEEEVEEEAER"
"ENSP00000380921","ANsPSLFGTEGKPK"
"ENSP00000380921","sIEVENDFLPVEK"
"ENSP00000380942","HLSTPSSVsPEPQDSAK"
"ENSP00000381003","EPEsPPASAPIPLFGADTIGQR"
"ENSP00000381007","IGSGRSsPVTVNQTDK"
"ENSP00000381007","SQsFNSIDK"
"ENSP00000381007","yPDIASPTFR"
"ENSP00000381102","IINLGPVHPGPLsPEPQPMGVR"
"ENSP00000381216","LFIIRGsPQQIDHAK"
"ENSP00000381216","VQIsPDSGGLPER"
"ENSP00000381567","SNTEPQSPPIAsPK"
"ENSP00000381567","SVSEINsDDELSGK"
"ENSP00000381657","ASAGTPSLSAGVsPK"
"ENSP00000381657","IATISLESKsPPK"
"ENSP00000381657","LSGLAAPDYTRLsPAK"
"ENSP00000381657","VAGPADAPMDsGAEEEK"
"ENSP00000381657","VVELsPLK"
"ENSP00000381793","SIQPQVsPR"
"ENSP00000381840","LSPLPPGsPGSAAR"
"ENSP00000381932","IYQyIQSR"
"ENSP00000382004","GSLAsLDSLRK"
"ENSP00000382004","TLDRsGDLGDMEPLK"
"ENSP00000382004","VGGsSVDLHR"
"ENSP00000382150","DWRQsPGEVGDR"
"ENSP00000382150","ERRPsPGEMR"
"ENSP00000382150","EVESRLsPGESAYQK"
"ENSP00000382150","LLEsPGVEAGEGEAEKEEAGAQGRPLR"
"ENSP00000382150","RPSPGEMRDQsPK"
"ENSP00000382150","WRLsPGETPER"
"ENSP00000382204","RKGsDSSIPDEEK"
"ENSP00000382239","SGsLERDRPGHVSQK"
"ENSP00000382382","LFVLLPEQsPVSYSK"
"ENSP00000382382","STETSDFENIEsPLNER"
"ENSP00000382390","ALsPEGALRR"
"ENSP00000382423","LSAsSEDISER"
"ENSP00000382595","IATGsFLK"
"ENSP00000382595","TKEVYELLDsPGK"
"ENSP00000382697","NPPSGFVRAsPR"
"ENSP00000382707","MNHTVQTFFsPVNSGQPPNYEMLK"
"ENSP00000383053","FLEDDtSDPTYTSALGGK"
"ENSP00000383059","ASsPPDRIDIFGR"
"ENSP00000383178","MPFSGPVPPPPPLGFLGGQNsPPLPILPFGLKPK"
"ENSP00000383178","QSLsPMSQRPVLK"
"ENSP00000383199","SLsSPTVTLSAPLEGAK"
"ENSP00000383433","LVGMDPEQAsVTNQNEYAR"
"ENSP00000383611","AKADsPVNGLPK"
"ENSP00000383611","GLLPGGTQVLDGTSGFsPAPK"
"ENSP00000383611","GSKPsPLSVK"
"ENSP00000383611","LVEsPKEGK"
"ENSP00000383623","EYFtFPASK"
"ENSP00000383623","SQDADsPGSSGAPENLTFK"
"ENSP00000383623","SSPNVANQPPsPGGK"
"ENSP00000383623","TIsNPEVVMK"
"ENSP00000383623","TQVLsPDSLFTAK"
"ENSP00000383623","TSsVVTLEVAK"
"ENSP00000383623","VTRsQEELREDK"
"ENSP00000383851","GLAGPPAsPGK"
"ENSP00000383866","SKsPPKVPIVIQDDSLPAGPPPQIR"
"ENSP00000383866","sKSPPKVPIVIQDDSLPAGPPPQIR"
"ENSP00000383986","ASLVsEEEEDEEEDKATPR"
"ENSP00000384160","DIKEEsDEEEEDDEESGRLR"
"ENSP00000384160","RAADEDWDsELEDDLLGEDLLSGKK"
"ENSP00000384160","VKPAsPVAQPKEEAK"
"ENSP00000384259","FFDsEDEDFEILSL"
"ENSP00000384302","RKsGGNEVSIEER"
"ENSP00000384449","SSILPFtPPVVK"
"ENSP00000384792","AGTGYAsPDRTHVLAAGK"
"ENSP00000384792","RGQSsPPPAPPICLR"
"ENSP00000384792","WSEPWVPVEALPPsPLELSR"
"ENSP00000384899","EATAQKPTGSVGSTVTtPPPLVR"
"ENSP00000384899","RPPsPDVIVLSDNEQPSSPR"
"ENSP00000385025","VLISVGsYK"
"ENSP00000385334","AILGSYDSELTPAEYsPQLTR"
"ENSP00000385410","GGSISVQVNSIKFDsE"
"ENSP00000385410","GKGsPRPQAPK"
"ENSP00000385410","IKLQTPNtFPK"
"ENSP00000385410","IKLQtPNTFPK"
"ENSP00000385410","RASsPFRR"
"ENSP00000385410","RAsSPFRR"
"ENSP00000385410","VADNsFDAKR"
"ENSP00000385410","VAGGAAPsKPASAK"
"ENSP00000385442","FPDRLAEDEGDsEPEAVGQSR"
"ENSP00000385442","SLSGsPLK"
"ENSP00000385751","SRNsPLLER"
"ENSP00000385751","StFHAGQLR"
"ENSP00000385751","VPAsPLPGLER"
"ENSP00000386183","SLsMVDLQDAR"
"ENSP00000386420","ADVVPQQADPEFPRAsPR"
"ENSP00000386420","APVHFVEPLsPTGVAGHR"
"ENSP00000386456","RILsDVTHSAVFGVPASK"
"ENSP00000386456","VQTtPPPAVQGQK"
"ENSP00000386458","SDSPEsDAEREK"
"ENSP00000386538","AAGGAPsPPPPVRR"
"ENSP00000386538","RHGAPAAPsPPPRGSR"
"ENSP00000386759","LNDsPTLK"
"ENSP00000386759","LSTEADTDtPKK"
"ENSP00000386864","EREPEAASSRGsPVR"
"ENSP00000386864","EREVDEDsEPEREVR"
"ENSP00000386921","RKQsDSDLIPER"
"ENSP00000387010","SKsIEEREEEYQR"
"ENSP00000387259","SSsPTQYGLTK"
"ENSP00000387266","LRPVsPEEIRR"
"ENSP00000387266","RHsIEKETPTNVR"
"ENSP00000387282","GTPSQsPVVGR"
"ENSP00000387365","EKLQEEGGGsDEEETGSPSEDGMQSAR"
"ENSP00000387997","ERPSsFRDR"
"ENSP00000387997","QRsPIALPVK"
"ENSP00000388566","MAGQMLLQTFFNIDQIsPNKK"
"ENSP00000388731","SQsLPTTLLSPVR"
"ENSP00000388731","TPLGAsLDEQSSSTLK"
"ENSP00000388731","VVSSVNVRLsPGK"
"ENSP00000388731","sQSLPTTLLSPVR"
"ENSP00000390394","GNGSGGsRENSTVDFSK"
"ENSP00000390394","IPLVRsFADIGKK"
"ENSP00000390394","KHsDPHLLER"
"ENSP00000390394","SNMsPDKPVSVK"
"ENSP00000390783","VNLEESSGVENsPAGARPK"
"ENSP00000391249","HVDSLSQRsPK"
"ENSP00000391249","RAEVLGHKtPEPAPR"
"ENSP00000391249","sFEVEEVETPNSTPPRR"
"ENSP00000391447","KLTAsPSDPK"
"ENSP00000391481","ILATPPQEDAPsVDIANIR"
"ENSP00000391481","ILAtPPQEDAPSVDIANIR"
"ENSP00000391669","AQQGLYQVPGPSPQFQsPPAK"
"ENSP00000391669","AQQGLyQVPGPSPQFQSPPAK"
"ENSP00000391669","GLPPsNHHAVYDVPPSVSK"
"ENSP00000391669","HLLAPGPQDIyDVPPVR"
"ENSP00000391669","RPGPGTLyDVPRER"
"ENSP00000391669","VLPPEVADGGVVDSGVyAVPPPAER"
"ENSP00000391942","VRPAsTGGLSLLPPPPGGK"
"ENSP00000392065","LKsEDELRPEVDEHTQK"
"ENSP00000392617","AEGDSAGTAGtPGGTPAGDK"
"ENSP00000393313","GTPGPDSSGSLGsGEFTGVK"
"ENSP00000393313","STPSHGSVSSLNSTGSLsPK"
"ENSP00000393313","TVFPGAVPVLPAsPPPKDSLR"
"ENSP00000393316","KVEEEQEADEEDVsEEEAESK"
"ENSP00000393316","sLGPSLATDKS"
"ENSP00000393776","LSGINEIPRPFsPPVTSNTSPPPAAPLAR"
"ENSP00000393776","NLsNEELTK"
"ENSP00000393776","VSIGNITLsPAISR"
"ENSP00000394496","YFEITDESPyVHYLNTFSSK"
"ENSP00000394510","APAPPPKPEtPEK"
"ENSP00000394510","RHPPLYQAGLTPPLsPPK"
"ENSP00000394510","SHGLEPAAPsPR"
"ENSP00000394546","AVPsPTTGEEGSVHSR"
"ENSP00000395249","QALDsEEEEEDVAAK"
"ENSP00000395487","ESNYFGLsPEER"
"ENSP00000395487","GELDLsLENLDLSK"
"ENSP00000395487","TAADVVsPGANSVDSR"
"ENSP00000395487","YATVSsPSK"
"ENSP00000395538","ALsPGLEESGLGLLAR"
"ENSP00000395538","GGAVERPLtPAPR"
"ENSP00000395538","LAERLsPFLAESK"
"ENSP00000395983","LESLYsDEEDESAVGADK"
"ENSP00000396673","DLIDNsFNR"
"ENSP00000396673","TEIMsPLYQDEAPK"
"ENSP00000396843","NWTEDMEGGISsPVK"
"ENSP00000396843","SPFNSPsPQDSPR"
"ENSP00000397028","LRSGsNTGLDYIK"
"ENSP00000397552","EAVREGsPANWK"
"ENSP00000398470","KLsPIIEDSR"
"ENSP00000398577","LNRSDsDSSTLAKK"
"ENSP00000398632","KPSGLNGEASKsQEMVHLVNK"
"ENSP00000398837","ERPSGPEsPVQGPR"
"ENSP00000398837","GPVRsEDESVEAKR"
"ENSP00000398880","AItPPQQPYK"
"ENSP00000398880","ESKGsPVFLPR"
"ENSP00000398880","EsKGSPVFLPR"
"ENSP00000398880","HLLTDLPLPPELPGGDLSPPDsPEPK"
"ENSP00000398880","HLLTDLPLPPELPGGDLsPPDSPEPK"
"ENSP00000398880","HSSIsPVRLPLNSSLGAELSR"
"ENSP00000398880","HSsISPVRLPLNSSLGAELSR"
"ENSP00000399511","SEGsPVLPHEPAK"
"ENSP00000399511","TTsISPALAR"
"ENSP00000399751","RWsGNEPTDEFSDLPLR"
"ENSP00000400099","RFSTYSQsPPDTPSLR"
"ENSP00000400099","SQsFAGVLGSHER"
"ENSP00000400887","TLHsPPLQLQQR"
"ENSP00000401197","AVPPGNDPVsPAMVR"
"ENSP00000401303","HGsFVNKPTR"
"ENSP00000401704","SHsSPSLNPDTSPITAK"
"ENSP00000401888","RAsDDGKLTDPSK"
"ENSP00000401888","SAsEPSLHR"
"ENSP00000401980","GPVsPSVSFQPLAR"
"ENSP00000402084","SPAAPYFLGSSFsPVR"
"ENSP00000402084","SPAAPYFLGSsFSPVR"
"ENSP00000402935","EFTGsPPSSATKK"
"ENSP00000403302","ATsDEEDSVLNIAR"
"ENSP00000403623","SIsADDDLQESSR"
"ENSP00000403902","APsPRPGPGPLR"
"ENSP00000403902","HGGPGPGGPEPELsPITEGSEAR"
"ENSP00000403902","SESAPTLHPYSPLsPK"
"ENSP00000403902","YSSSSIPEPFGSRGsPRK"
"ENSP00000404121","GEDsAEETEAKPAVVAPAPVVEAVSTPSAAFPSDATAENVK"
"ENSP00000404121","LFPDtPLALDANK"
"ENSP00000404121","RPMEEDGEEKsPSK"
"ENSP00000404121","VLAGETLsVNDPPDVLDR"
"ENSP00000404296","GVISYQtLPR"
"ENSP00000404808","VSLLGPVTtPEHQLLK"
"ENSP00000405202","RTsPEELVNDHAR"
"ENSP00000405202","TMPEtPTGDSDPQPAPKK"
"ENSP00000405424","VVsSTSEEEEAFTEK"
"ENSP00000405674","LTTASQTNIKKsPGK"
"ENSP00000406209","GSLAEAVGsPPPAATPTPTPPTRK"
"ENSP00000406209","GsLAEAVGSPPPAATPTPTPPTR"
"ENSP00000406209","TALPTSGSSAGELELLAGEVPARsPGAFDMSGVR"
"ENSP00000407509","LFPSPGLPTRTsPVR"
"ENSP00000407509","LFPsPGLPTR"
"ENSP00000407767","RAsQEANLLTLAQK"
"ENSP00000407885","MDPQRsPLLEVK"
"ENSP00000408108","KRLsQSDEDVIR"
"ENSP00000408695","STLNPQWNEsFTFK"
"ENSP00000408695","VIsPSEDRK"
"ENSP00000408956","LLEDsEESSEETVSR"
"ENSP00000409227","RFTPPSTALsPGK"
"ENSP00000409581","GMKDDKEEEEDGTGsPQLNNR"
"ENSP00000409964","KHVSGITLLsPK"
"ENSP00000410216","TDESSPVLsPR"
"ENSP00000410452","ASGQAFELILsPR"
"ENSP00000410452","DLsLEEIQK"
"ENSP00000410452","ESVPEFPLsPPKKK"
"ENSP00000410452","RAsGQAFELILSPR"
"ENSP00000410452","RKsHEAEVLK"
"ENSP00000410608","FYDPsPPR"
"ENSP00000410608","RTsIHDFLTK"
"ENSP00000410608","VHASRPAsLDSGR"
"ENSP00000410608","sLTLTPTR"
"ENSP00000410689","SGTsSPQSPVFR"
"ENSP00000411010","ESYTEEIVsEAESHVSGISR"
"ENSP00000411224","RPLAPSGRsPVEGLGR"
"ENSP00000411418","KTsASDVTNIYPGDAGK"
"ENSP00000411459","sVPGTTLESFRR"
"ENSP00000411532","EAQQKVPDEEENEEsDNEKETEK"
"ENSP00000411532","IKNENTEGsPQEDGVELEGLK"
"ENSP00000411532","KTQMAEVLPsPR"
"ENSP00000411532","MEVsPLQPVNENMQVNK"
"ENSP00000411532","SVVsDLEADDVK"
"ENSP00000411532","YLEEsDEDDLF"
"ENSP00000412302","YLGGsMDLSTFDFR"
"ENSP00000412310","ASsLEDLVLK"
"ENSP00000412461","HSQLFTAPVPEGPTsPR"
"ENSP00000412461","QVsNLPQANYNLLR"
"ENSP00000412663","GEPNVsYICSR"
"ENSP00000412663","QLVRGEPNVSyICSR"
"ENSP00000413150","RASsPSLIER"
"ENSP00000413520","SLEPEPQQSLEDGsPAK"
"ENSP00000413625","TVsDNSLSNSRGEGKPDLK"
"ENSP00000414109","GGPAsPGGLQGLETR"
"ENSP00000414373","AVsEEQQPALK"
"ENSP00000414373","KLSVPTsDEEDEVPAPKPR"
"ENSP00000414373","KLSVPtSDEEDEVPAPKPR"
"ENSP00000415151","RQQDPsPGSNLGGGDDLK"
"ENSP00000415327","LELSSSAsPQEER"
"ENSP00000415363","EAPPPVLLtPK"
"ENSP00000415363","EGPEPPEEVPPPtTPPVPK"
"ENSP00000415363","EGTLTQVPLAPPPPGAPPsPAPAR"
"ENSP00000415363","ERSDsGGSSSEPFDR"
"ENSP00000415363","ETPPNGNLsPAPR"
"ENSP00000415363","KGNsPNSEPPTPK"
"ENSP00000415363","LIPGPLsPVAR"
"ENSP00000415363","VDLYQQAsPPDALR"
"ENSP00000415430","LVDVsPDRGSPPSR"
"ENSP00000415464","DGLNQTTIPVsPPSTTKPSR"
"ENSP00000415464","EQYVPPRsPK"
"ENSP00000416015","SSLFsPR"
"ENSP00000416060","VLSPtAAKPSPFEGK"
"ENSP00000416060","VLsPTAAKPSPFEGK"
"ENSP00000416959","RPHtPTPGIYMGRPTYGSSR"
"ENSP00000416959","RRSPsPYYSR"
"ENSP00000416959","RRsPSPYYSR"
"ENSP00000416959","sDSGEQNYGERESR"
"ENSP00000417038","ASIANSDGPTAGSQtPPFK"
"ENSP00000417038","RLsQRPTTEELEQR"
"ENSP00000417132","SANPTRPSsPVTSHISK"
"ENSP00000417229","SDKsPDLAPTPAPQSTPR"
"ENSP00000417401","AEPGDEALsPASR"
"ENSP00000417401","SSVASGPIsPTNYR"
"ENSP00000417653","LRsPFLQK"
"ENSP00000417748","IRLFsADPFDLEAQAK"
"ENSP00000417963","QSsSRFNLSK"
"ENSP00000417963","RKsELPQDVYTIK"
"ENSP00000418529","KKsPNELVDDLFK"
"ENSP00000419135","MEEIPAQEAAGsPR"
"ENSP00000419417","LLPEGEETLEsDDEKDEHTSK"
"ENSP00000419446","HVSPVTPPREVPIyANR"
"ENSP00000419446","HVsPVTPPR"
"ENSP00000420195","sFDYNYR"
"ENSP00000420213","ADDTDSQSWRsPLK"
"ENSP00000420213","LDVTILSPsRK"
"ENSP00000420213","LDVTILsPSRK"
"ENSP00000420213","LVsPGSANETSSILVESVTR"
"ENSP00000420213","VLFAsQEIPASPFR"
"ENSP00000420213","YADEEIPRsPFK"
"ENSP00000420213","YGGPNHIVGsPFK"
"ENSP00000420294","ISQRDPsPESNK"
"ENSP00000420294","MDRtPPPPTLSPAAITVGR"
"ENSP00000420321","KVPsFTFTPTVTYQR"
"ENSP00000420321","TFNsPNLK"
"ENSP00000420601","ASsLNEDPEGSR"
"ENSP00000420714","AAFMLGsLLR"
"ENSP00000422168","PRQPSQADTGGDDsDEDYEK"
"ENSP00000422626","DIEIStEEEK"
"ENSP00000422626","DTGDLKDSsLLK"
"ENSP00000422626","RSRPTSEGsDIESTEPQK"
"ENSP00000422626","SRPTsEGSDIESTEPQK"
"ENSP00000424360","YTEFyHVPTHSDASK"
"ENSP00000424798","LTPAEEENNSFQRLsP"
"ENSP00000425133","AVPALGKsPPHHSGFQQYQQADASK"
"ENSP00000425394","RASsPGYIDSPTYSR"
"ENSP00000425394","RFsSGGEEDDFDR"
"ENSP00000425556","IAsDEEIQGTK"
"ENSP00000425556","SLPTPAVLLsPTKEPPPLLAKPK"
"ENSP00000425556","SRDsGDENEPIQER"
"ENSP00000425721","SQPGQKPAAsPRPR"
"ENSP00000425809","STIGVMVTAsHNPEEDNGVK"
"ENSP00000425844","IAISPLKsPNK"
"ENSP00000425844","IAIsPLKSPNK"
"ENSP00000425844","NFEEsPERK"
"ENSP00000425979","DNRRSPsLER"
"ENSP00000425979","DNRRsPSLER"
"ENSP00000426120","ADRPSSLPLDFNDEFsDLDGVVQQR"
"ENSP00000426632","RYPtPYPDELK"
"ENSP00000426632","STEDLsPQK"
"ENSP00000426632","TEDVMFISDNEsFNPSLWEEQRK"
"ENSP00000426632","TEDVMFIsDNESFNPSLWEEQRK"
"ENSP00000426632","TMSVSDFNYSRTsPSK"
"ENSP00000427123","AEISsIRENK"
"ENSP00000427123","ISQDADLKtPTKPK"
"ENSP00000427123","SITSTPLsGK"
"ENSP00000427123","SSPSVLIHsLGK"
"ENSP00000427123","sITSTPLSGK"
"ENSP00000427130","GPGSPPRtPPAPGPPSFEEQLR"
"ENSP00000427130","GPGsPPRTPPAPGPPSFEEQLR"
"ENSP00000427211","NLsPTAVINITSEK"
"ENSP00000427211","NSPAtPPNTLNLR"
"ENSP00000427550","GPQGsPLLSR"
"ENSP00000427562","GAQASSGsPALPRK"
"ENSP00000427562","LMTGDTyTAHAGAK"
"ENSP00000427562","VPVLIsPTLK"
"ENSP00000427772","LNRSDsDSSTLSK"
"ENSP00000427900","SIsSPNVNR"
"ENSP00000428085","sLESINSR"
"ENSP00000428187","YLQDQLsPLTR"
"ENSP00000428426","KKEPAITSQNsPEAR"
"ENSP00000428489","GLSHsPWAVK"
"ENSP00000428924","GKDSLsDDGVDLK"
"ENSP00000428924","GKDsLSDDGVDLK"
"ENSP00000428924","VIEDNEyTAREGAK"
"ENSP00000429084","RIsQSQPVR"
"ENSP00000429084","WLDGAsFDNER"
"ENSP00000429309","NSPTFKsFEEK"
"ENSP00000429900","QAsEDSNDLTPTLPETPVPLPR"
"ENSP00000429900","QEEIDEsDDDLDDKPSPIKK"
"ENSP00000429900","RTLSDPPsPLPHGPPNK"
"ENSP00000429900","SHPLDLsPNVQSR"
"ENSP00000430194","QRPDLGsAQK"
"ENSP00000430432","MLPHAPGVQMQAIPEDAVHEDsGDEDGEDPDKR"
"ENSP00000430684","VRGPVSGsPDSMNASR"
"ENSP00000431284","DFLAMFsPK"
"ENSP00000431391","RASEDTTSGsPPKK"
"ENSP00000431512","GHTDTEGRPPsPPPTSTPEK"
"ENSP00000431512","VKEEPPsPPQSPR"
"ENSP00000431660","ELPDGPsPLLK"
"ENSP00000431660","LHLETPQPsPQEGGSVDIWR"
"ENSP00000432786","LTPVRPAAAsPIVSGAR"
"ENSP00000433548","FIVsPVPESR"
"ENSP00000433681","SLGVLPFTLNSGsPEK"
"ENSP00000433919","FEEESKEPVADEEEEDsDDDVEPITEFR"
"ENSP00000434513","AIsSANLLVR"
"ENSP00000434513","GGKDPLSsPGGPGSR"
"ENSP00000435210","ETQsPEQVK"
"ENSP00000435210","FNDsEGDDTEETEDYRQFRK"
"ENSP00000435210","GNREsDGFREEK"
"ENSP00000435210","KAEGEPQEEsPLK"
"ENSP00000435210","NTPSQHSHSIQHsPER"
"ENSP00000435210","RIDIsPSTLRK"
"ENSP00000435210","SGSsPKWTHDK"
"ENSP00000435210","STFREEsPLRIK"
"ENSP00000436786","DKEGtPPLTK"
"ENSP00000436926","AVSTVVVTTAPsPK"
"ENSP00000437073","NKLEGDsDVDSELEDRVDGVK"
"ENSP00000437073","RIGDLQAAIEDEMEsDENEDLINSLQDMVTK"
"ENSP00000437073","SLAPDRsDDEHDPLDNTSRPR"
"ENSP00000437073","SSsPTSYWK"
"ENSP00000437738","VKLDDDsDDDEESK"
"ENSP00000438178","RLGDSsLSRK"
"ENSP00000438262","AASSDQLRDNsPPPAFKPEPPK"
"ENSP00000438262","AYsPEYRR"
"ENSP00000438262","GRsIDQDYER"
"ENSP00000438262","HPDIyAVPIK"
"ENSP00000438262","KVQVAALQAsPPLDQDDRAFEVMDEFDGR"
"ENSP00000438262","SILKPSTPIPPQEGEEVGEsSEEQDNAPK"
"ENSP00000438262","SRsWEDSPER"
"ENSP00000438262","SSEPVQHEESIRKPsPEPR"
"ENSP00000438262","SWEDsPERGRPHER"
"ENSP00000438574","GILSLPHQAsPVSR"
"ENSP00000438909","YKDLDEDELLGNLsETELK"
"ENSP00000439093","EPsATPPISNLTK"
"ENSP00000439093","KIsGTTALQEALK"
"ENSP00000439093","TASESISNLSEAGsIK"
"ENSP00000439093","TASESISNLsEAGSIK"
"ENSP00000439093","VQAEDEANGLQTTPAsR"
"ENSP00000439800","ELSESVQQQSTPVPLIsPKR"
"ENSP00000439800","LNFDMTAsPK"
"ENSP00000439800","SPMSTNSSVHTGsDVEQDAEK"
"ENSP00000439828","HRPELIDyGK"
"ENSP00000440045","AFTGREFDELNPsAQR"
"ENSP00000440440","MESSFGsPSK"
"ENSP00000441369","sHNNFVAILDLPEGEHQYK"
"ENSP00000441802","SVNGGPGsPDLAR"
"ENSP00000441858","NLAsPEGTLATLGLK"
"ENSP00000441954","RVEsPVLPPVLVPR"
"ENSP00000441980","LFQLPtPPLSR"
"ENSP00000442699","DLDEEGsEK"
"ENSP00000442699","ESEDDLNKEsEEEVGPTK"
"ENSP00000442699","ESEEGNPVRGSEEDsPKK"
"ENSP00000442699","LFEDDDsNEK"
"ENSP00000442699","LFEEsDDKEDEDADGKEVEDADEK"
"ENSP00000442973","SHSSLPPNNsYADFER"
"ENSP00000443204","AsPVGDGNFR"
"ENSP00000444029","FSsPIVK"
"ENSP00000444029","NTSLPPLWsPEAER"
"ENSP00000444029","RIPSIVSsPLNSPLDR"
"ENSP00000444029","VQMTsPSSTGSPMFK"
"ENSP00000444408","HYRGPAGDATVAsEK"
"ENSP00000445770","HGsVSADEAAR"
"ENSP00000446339","SPLTILQDDNsPGTLTLR"
"ENSP00000446339","TSSGDPPsPLVK"
"ENSP00000446339","VADPRsPSAGILR"
"ENSP00000448598","VYEDSGIPLPAEsPKK"
"ENSP00000449089","SKPIPIMPAsPQK"
"ENSP00000449404","AFSSRsYTSGPGSR"
"ENSP00000449404","ISSSsFSR"
"ENSP00000449404","LVsESSDVLPK"
"ENSP00000449404","SLDMDsIIAEVK"
"ENSP00000450832","DLRAsPKPTSK"
"ENSP00000450832","FLMPEAYPSsPRK"
"ENSP00000450832","KLIDLEsPTPESQK"
"ENSP00000450832","TLsDESIYNSQR"
"ENSP00000450832","VLPAFREsPSGR"
"ENSP00000450883","TNLSGRQsPSFK"
"ENSP00000451261","RLsTSPDVIQGHQPR"
"ENSP00000451300","QGsFRGFPALSQK"
"ENSP00000451300","TPsEADRWLEEVSK"
"ENSP00000451601","TAsPLPLRPDAPVEK"
"ENSP00000452535","AYSsPSTTPEAR"
"ENSP00000452535","AYsSPSTTPEAR"
"ENSP00000453095","SEPIsPPRDR"
"ENSP00000453281","NLsGSTLYPVSNIPR"
"ENSP00000453281","SPTTVLFTSsPIK"
"ENSP00000453773","GELEsPKPLVTPGSTLTLLTR"
"ENSP00000453969","LGSAPAASPALAsPEGPK"
"ENSP00000453969","VTRsPPTQVAISSDSAR"
"ENSP00000454545","ASGDPGASGMsPR"
"ENSP00000454545","RNsLEGYSR"
"ENSP00000454545","SLsPVAAPPLREPR"
"ENSP00000454545","TFLEGDWTsPSK"
"ENSP00000457035","LLTGIKsPR"
"ENSP00000457035","SILPYPVsPK"
"ENSP00000457035","WLPSsPSGVAK"
"ENSP00000457411","KLLsPSNEK"
"ENSP00000457625","AGYLRsPSWTR"
"ENSP00000458954","EDVEVAEsPLRVLAETPDSFEK"
"ENSP00000458954","VLAEtPDSFEK"
"ENSP00000459626","SGEISLPIKEEPsPISK"
"ENSP00000460070","TNtPVKEDWNVR"
"ENSP00000460823","EATNTTSEPSAPSQDLLDLSPsPR"
"ENSP00000460871","ATNEsEDEIPQLVPIGK"
"ENSP00000461521","KLsPTEPK"
"ENSP00000463561","YMAENPTAGVVQEEEEDNLEYDsDGNPIAPTK"
"ENSP00000465099","SALAPNLLTsGKK"
"ENSP00000467423","VVTNARsPGAR"
"ENSP00000467556","GPKPEPPGsGSPAPPR"
"ENSP00000467556","KPsVSEEVQATPNK"
"ENSP00000467556","KRSWGHEsPEER"
"ENSP00000467556","KRsWGHESPEER"
"ENSP00000467556","SQsPHYFR"
"ENSP00000467556","SSAPADSERGPKPEPPGSGsPAPPR"
"ENSP00000467600","MEsGAYGAAK"
"ENSP00000468002","ALAMPGRPEsPPVFR"
"ENSP00000468002","QADPQPQAWPPPDsPVRVDTVR"
"ENSP00000468312","RVGGYATSPSsPKK"
"ENSP00000468312","YLsPERLASVR"
"ENSP00000469689","ELDRYsLDSEDLYSR"
"ENSP00000469689","LWGDVTEIKsPILSGPK"
"ENSP00000469689","RAPsPVVSPTEMNK"
"ENSP00000469880","RGLNSSFETsPKK"
"ENSP00000470252","DVTNFTVGGFAPMsPR"
"ENSP00000470252","VVSISSEHLEPItPTK"
"ENSP00000471932","VVITQsPGK"
"ENSP00000472998","DDTSRYDERPGPsPLPHR"
"ENSP00000475189","APSLPAPPYAGAPGsPR"
"ENSP00000475750","VYYTAGYNsPVK"
"ENSP00000476386","ASSPSPLTIGtPESQR"
